,date,altitude,latitude,longitude,relativeAltitude,pressure,isStair,value
237,2018.11.17 18:27,24.5173354,36.01216824,129.3249589,-12.20223236,1019.523376,1,9
239,2018.11.17 18:27,24.51055252,36.01214954,129.3249508,-11.85344696,1019.48114,1,9
240,2018.11.17 18:27,24.64804374,36.01214279,129.3249433,-11.71604538,1019.464783,1,9
241,2018.11.17 18:27,24.76741267,36.0121462,129.3249287,-11.58393097,1019.448792,1,9
242,2018.11.17 18:27,24.95393262,36.01213816,129.3249217,-11.39896774,1019.426392,1,9
243,2018.11.17 18:27,25.08071412,36.01213941,129.3249186,-11.19815064,1019.402344,1,9
244,2018.11.17 18:27,25.12896394,36.01213585,129.324914,-10.97619629,1019.375671,1,9
246,2018.11.17 18:27,25.19115794,36.01213101,129.3249151,-10.44773483,1019.311584,1,9
247,2018.11.17 18:27,25.20986763,36.01212904,129.3249139,-10.20463944,1019.282593,1,9
248,2018.11.17 18:27,25.23240663,36.01212737,129.3249117,-9.972114563,1019.25415,1,9
249,2018.11.17 18:27,25.2692606,36.01212611,129.3249094,-9.77130127,1019.22998,1,9
250,2018.11.17 18:27,25.30657446,36.01212573,129.3249085,-9.438367844,1019.189484,1,9
251,2018.11.17 18:27,25.32276159,36.01212519,129.3249071,-9.100151062,1019.148621,1,9
252,2018.11.17 18:27,25.34460889,36.01212542,129.324906,-8.851772308,1019.119019,1,9
253,2018.11.17 18:27,25.360245,36.01212514,129.3249053,-8.566402435,1019.084595,1,9
254,2018.11.17 18:27,25.37263701,36.01212409,129.3249056,-8.296886444,1019.052185,1,9
255,2018.11.17 18:27,25.37281534,36.01212275,129.3249051,-8.059074402,1019.02356,1,9
256,2018.11.17 18:27,25.38471558,36.01211722,129.3249024,-7.815982819,1018.993835,1,9
257,2018.11.17 18:27,25.4400579,36.01211161,129.3248959,-7.620452881,1018.970337,1,9
258,2018.11.17 18:27,25.55299379,36.01210423,129.3248926,-7.472480774,1018.952759,1,9
259,2018.11.17 18:27,25.63643665,36.01209781,129.3248825,-7.39849472,1018.943542,1,9
260,2018.11.17 18:27,25.81193449,36.01210037,129.324879,-7.340366364,1018.936707,1,9
261,2018.11.17 18:27,25.86764803,36.01208968,129.3248709,-7.234672546,1018.923828,1,9
262,2018.11.17 18:27,26.03422746,36.01209084,129.324866,-7.097270966,1018.907471,1,9
263,2018.11.17 18:27,26.11640168,36.01209274,129.3248607,-6.912307739,1018.884766,1,9
264,2018.11.17 18:27,26.19034138,36.01208424,129.3248519,-6.484254837,1018.833221,1,9
265,2018.11.17 18:27,26.36802,36.0120822,129.3248478,-6.066768646,1018.783081,1,9
266,2018.11.17 18:27,26.45612096,36.01208306,129.3248461,-5.781394958,1018.748291,1,9
267,2018.11.17 18:27,26.48559222,36.01207984,129.3248454,-5.53302002,1018.718506,1,9
268,2018.11.17 18:27,26.51522583,36.01207869,129.3248446,-5.31634903,1018.692383,1,9
269,2018.11.17 18:27,26.53705134,36.01207689,129.3248439,-5.120815277,1018.668457,1,9
270,2018.11.17 18:27,26.55973369,36.01207561,129.3248428,-4.893577576,1018.641235,1,9
271,2018.11.17 18:27,26.58438314,36.01207467,129.3248427,-4.661052704,1018.613525,1,9
272,2018.11.17 18:27,26.5937935,36.01207474,129.3248418,-4.402107239,1018.581848,1,9
273,2018.11.17 18:27,26.60833355,36.01207321,129.324841,-4.143157959,1018.551025,1,9
274,2018.11.17 18:27,26.62927456,36.01207271,129.3248409,-3.884212494,1018.519592,1,9
275,2018.11.17 18:27,26.63581812,36.01207183,129.3248368,-3.656970978,1018.492065,1,9
276,2018.11.17 18:27,26.70361611,36.01205968,129.3248375,-3.450870514,1018.467346,1,9
277,2018.11.17 18:27,26.7691144,36.01205067,129.3248271,-3.318756104,1018.451294,1,9
278,2018.11.17 18:27,26.98942384,36.01204894,129.3248031,-3.178710938,1018.434387,1,9
279,2018.11.17 18:27,27.40047723,36.01203449,129.3247886,-3.054523468,1018.41925,1,9
280,2018.11.17 18:27,27.7769986,36.01201915,129.3247852,-2.927692413,1018.404053,1,9
281,2018.11.17 18:27,27.98530961,36.01201006,129.3247656,-2.753299713,1018.383057,1,9
282,2018.11.17 18:27,28.41058178,36.01200869,129.3247623,-2.541912079,1018.357605,1,9
283,2018.11.17 18:27,28.52205507,36.01199741,129.324745,-2.304103851,1018.329224,1,9
284,2018.11.17 18:27,28.93068432,36.01198628,129.3247386,-2.050441742,1018.29834,1,9
285,2018.11.17 18:27,29.18553002,36.01197832,129.3247342,-1.791492462,1018.267212,1,9
286,2018.11.17 18:27,29.36439403,36.01197564,129.3247292,-1.564254761,1018.239624,1,9
287,2018.11.17 18:27,29.50024956,36.01197218,129.3247193,-1.326446533,1018.210999,1,9
288,2018.11.17 18:27,29.71108777,36.01196838,129.3247228,-1.104492188,1018.184265,1,9
289,2018.11.17 18:27,29.72287098,36.0119532,129.3247152,-0.850826263,1018.153687,1,9
290,2018.11.17 18:27,29.97116272,36.01194846,129.3247046,-0.639442444,1018.128357,1,9
291,2018.11.17 18:27,30.18020515,36.01194385,129.3246949,-0.375209808,1018.096313,1,9
292,2018.11.17 18:27,30.37568558,36.01194114,129.3246921,-1.91E-06,1018.051239,1,9
293,2018.11.17 18:28,30.47672814,36.01193955,129.3246893,0.3487854,1018.008667,1,9
294,2018.11.17 18:28,30.54958493,36.01193946,129.3246862,0.544315338,1017.985352,1,9
295,2018.11.17 18:28,30.59883152,36.01193817,129.3246836,0.650009155,1017.972656,1,9
296,2018.11.17 18:28,30.65858482,36.01193557,129.3246767,0.734565735,1017.962708,1,9
297,2018.11.17 18:28,30.79809897,36.01192719,129.3246625,0.813835144,1017.953003,1,9
298,2018.11.17 18:28,31.1391889,36.0119238,129.3246575,0.908958435,1017.941284,1,9
299,2018.11.17 18:28,31.29734384,36.01192336,129.3246567,1.03578949,1017.926147,1,9
300,2018.11.17 18:28,31.3305143,36.01192162,129.3246555,1.21018219,1017.905212,1,9
301,2018.11.17 18:28,31.37968896,36.01192076,129.3246521,1.432136536,1017.878113,1,9
302,2018.11.17 18:28,31.44466731,36.01191973,129.3246464,1.680515289,1017.848511,1,9
303,2018.11.17 18:28,31.54346747,36.01191552,129.3246306,1.950031281,1017.815857,1,9
304,2018.11.17 18:28,31.83551073,36.01191384,129.3246215,2.177268982,1017.788696,1,9
305,2018.11.17 18:28,32.01504235,36.01191006,129.3246167,2.404510498,1017.761108,1,9
306,2018.11.17 18:28,32.16305304,36.01190929,129.3246069,2.761222839,1017.718231,1,9
307,2018.11.17 18:28,32.32193637,36.01190605,129.3245973,3.096797943,1017.677856,1,9
308,2018.11.17 18:28,32.52384727,36.01189956,129.3245835,3.350460052,1017.646851,1,9
309,2018.11.17 18:28,32.84478909,36.01189362,129.3245771,3.635829926,1017.612854,1,9
310,2018.11.17 18:28,33.06914402,36.01189451,129.3245673,3.889492035,1017.582275,1,9
311,2018.11.17 18:28,33.20741661,36.01189356,129.3245599,4.100879669,1017.556824,1,9
312,2018.11.17 18:28,33.33931256,36.01188798,129.3245551,4.227710724,1017.541565,1,9
313,2018.11.17 18:28,33.51935015,36.0118787,129.3245486,4.343971252,1017.527405,1,9
314,2018.11.17 18:28,33.79441682,36.01187213,129.3245381,4.375679016,1017.523743,1,9
315,2018.11.17 18:28,34.08701328,36.01186661,129.3245318,4.375679016,1017.523743,1,9
316,2018.11.17 18:28,34.30425244,36.01186408,129.3245202,4.37039566,1017.524048,1,9
317,2018.11.17 18:28,34.53371065,36.01185728,129.3245158,4.37039566,1017.524292,1,9
318,2018.11.17 18:28,34.74451925,36.01185268,129.3245037,4.354541779,1017.525757,1,9
319,2018.11.17 18:28,35.02071638,36.01184405,129.3244923,4.322834015,1017.529785,1,9
320,2018.11.17 18:28,35.37227828,36.011843,129.3244875,4.312263489,1017.531067,1,9
321,2018.11.17 18:28,35.49442216,36.0118364,129.3244821,4.338687897,1017.528198,1,9
323,2018.11.17 18:28,35.69583268,36.0118411,129.3244773,4.396820068,1017.520691,1,9
324,2018.11.17 18:28,35.70671992,36.01184124,129.3244764,4.433811188,1017.516541,1,9
325,2018.11.17 18:28,35.7188396,36.01183901,129.3244727,4.433811188,1017.516541,1,9
326,2018.11.17 18:28,35.81484642,36.01182851,129.3244753,4.433811188,1017.516235,1,9
327,2018.11.17 18:28,35.98830131,36.01181023,129.3244584,4.476089478,1017.511719,1,9
328,2018.11.17 18:28,36.59942694,36.01180125,129.3244487,4.502510071,1017.507874,1,9
329,2018.11.17 18:28,36.97518451,36.01180467,129.3244429,4.513080597,1017.506592,1,9
330,2018.11.17 18:28,37.02153559,36.0117941,129.3244381,4.518363953,1017.506165,1,9
331,2018.11.17 18:28,37.27010152,36.01178294,129.3244277,4.518363953,1017.506165,1,9
332,2018.11.17 18:28,37.59226532,36.01176076,129.3244212,4.491943359,1017.50946,1,9
333,2018.11.17 18:28,38.10018284,36.01175164,129.3244165,4.44966507,1017.514587,1,9
334,2018.11.17 18:28,38.36090272,36.01173097,129.3244048,4.428527832,1017.516846,1,9
335,2018.11.17 18:28,38.86686782,36.0117143,129.3243924,4.454948425,1017.513794,1,9
336,2018.11.17 18:28,39.32125652,36.01170439,129.324379,4.502510071,1017.507874,1,9
337,2018.11.17 18:28,39.6455387,36.0116857,129.3243767,4.565929413,1017.500305,1,9
338,2018.11.17 18:28,40.04269585,36.01168198,129.3243754,4.650482178,1017.490479,1,9
339,2018.11.17 18:28,40.16053809,36.01166429,129.3243763,4.703327179,1017.483887,1,9
340,2018.11.17 18:28,40.47106804,36.01164063,129.3243842,4.740322113,1017.479614,1,9
341,2018.11.17 18:28,40.64832846,36.01162724,129.3243906,4.766742706,1017.476196,1,9
342,2018.11.17 18:28,40.7419357,36.01161842,129.3243907,4.787883759,1017.473999,1,9
343,2018.11.17 18:28,40.82513141,36.01160549,129.3243992,4.809020996,1017.471069,1,9
344,2018.11.17 18:28,40.90014486,36.01159179,129.3244088,4.824874878,1017.468994,1,9
345,2018.11.17 18:28,40.98060916,36.01157729,129.324413,4.846012115,1017.467102,1,9
346,2018.11.17 18:28,41.09907505,36.01156845,129.3244195,4.846012115,1017.466492,1,9
347,2018.11.17 18:28,41.16330583,36.01155827,129.3244234,4.85922432,1017.46521,1,9
348,2018.11.17 18:28,41.24738851,36.01154775,129.3244282,4.861865997,1017.464539,1,9
349,2018.11.17 18:28,41.33522107,36.01154201,129.3244362,4.872436523,1017.463623,1,9
350,2018.11.17 18:28,41.36898449,36.011535,129.3244396,4.88300705,1017.462097,1,9
351,2018.11.17 18:28,41.42759459,36.0115275,129.324446,4.88300705,1017.462097,1,9
352,2018.11.17 18:28,41.46444392,36.01151607,129.3244468,4.88300705,1017.462097,1,9
359,2018.11.17 18:29,41.07908394,36.01146038,129.3245058,4.793167114,1017.473083,1,9
360,2018.11.17 18:29,41.11253429,36.01144859,129.324512,4.793167114,1017.473083,1,9
361,2018.11.17 18:29,41.13115032,36.01144263,129.3245098,4.766744614,1017.47644,1,9
362,2018.11.17 18:29,41.22660857,36.01141557,129.3245178,4.724468231,1017.481567,1,9
364,2018.11.17 18:29,41.19575163,36.01139013,129.324533,4.676906586,1017.487183,1,9
365,2018.11.17 18:29,41.36644272,36.011371,129.3245299,4.671619415,1017.488037,1,9
371,2018.11.17 18:29,40.82549539,36.0113271,129.3245587,4.745605469,1017.47876,1,9
380,2018.11.17 18:29,40.10902378,36.01124262,129.3246185,4.676906586,1017.487122,1,9
384,2018.11.17 18:29,39.91926095,36.01119619,129.3246546,4.507797241,1017.507813,1,9
387,2018.11.17 18:29,39.88710013,36.0111547,129.324678,4.44966507,1017.514771,1,9
388,2018.11.17 18:29,39.93376292,36.01114152,129.3246905,4.44966507,1017.514771,1,9
389,2018.11.17 18:29,39.93813738,36.01112394,129.324702,4.423240662,1017.517456,1,9
390,2018.11.17 18:29,39.98258537,36.01110941,129.3247049,4.423240662,1017.517456,1,9
391,2018.11.17 18:29,40.05440726,36.01110338,129.3247017,4.444381714,1017.515137,1,9
392,2018.11.17 18:29,40.09291421,36.01109451,129.3247021,4.444381714,1017.515015,1,9
393,2018.11.17 18:29,40.12633186,36.011079,129.3247098,4.460235596,1017.513306,1,9
394,2018.11.17 18:29,40.15580049,36.01106655,129.3247178,4.465518951,1017.512878,1,9
395,2018.11.17 18:29,40.17073618,36.01104989,129.3247235,4.460235596,1017.513306,1,9
398,2018.11.17 18:29,39.95159275,36.01101476,129.3247414,4.428527832,1017.517029,1,9
402,2018.11.17 18:29,39.80211714,36.01095249,129.3247704,4.386249542,1017.522095,1,9
403,2018.11.17 18:29,39.93065822,36.01094171,129.3247762,4.375679016,1017.523682,1,9
404,2018.11.17 18:29,39.95190314,36.01093204,129.3247742,4.359825134,1017.52533,1,9
405,2018.11.17 18:29,40.04265297,36.01092011,129.3247774,4.354541779,1017.525879,1,9
406,2018.11.17 18:29,40.10322636,36.01090919,129.3247862,4.333404541,1017.528381,1,9
407,2018.11.17 18:29,40.11220195,36.01090112,129.3247836,4.333404541,1017.528381,1,9
408,2018.11.17 18:29,40.19575789,36.01088576,129.3247805,4.349258423,1017.526489,1,9
409,2018.11.17 18:29,40.34142199,36.0108707,129.3247837,4.396820068,1017.521301,1,9
410,2018.11.17 18:29,40.44715432,36.01086467,129.3247853,4.444381714,1017.515137,1,9
411,2018.11.17 18:29,40.49456609,36.01085372,129.3247935,4.486656189,1017.510132,1,9
412,2018.11.17 18:29,40.54477006,36.010843,129.3248024,4.502510071,1017.508301,1,9
413,2018.11.17 18:30,40.60329388,36.01082708,129.3248115,4.502510071,1017.508301,1,9
414,2018.11.17 18:30,40.71221862,36.01081369,129.3248176,4.470802307,1017.512146,1,9
415,2018.11.17 18:30,40.80572141,36.01080375,129.3248318,4.417957306,1017.518311,1,9
416,2018.11.17 18:30,40.8493147,36.01078786,129.3248413,4.380966187,1017.523071,1,9
417,2018.11.17 18:30,40.95114336,36.01077887,129.3248467,4.338687897,1017.528015,1,9
418,2018.11.17 18:30,41.01811181,36.01076605,129.3248552,4.280555725,1017.535095,1,9
419,2018.11.17 18:30,41.10551697,36.01075543,129.3248653,4.259418488,1017.537354,1,9
420,2018.11.17 18:30,41.17604185,36.01074135,129.3248781,4.23828125,1017.539978,1,9
421,2018.11.17 18:30,41.27020218,36.01072617,129.3248846,4.217140198,1017.542725,1,9
422,2018.11.17 18:30,41.39255767,36.01071563,129.3248904,4.217140198,1017.542725,1,9
423,2018.11.17 18:30,41.4822949,36.01070409,129.3248942,4.23299408,1017.540588,1,9
424,2018.11.17 18:30,41.58194703,36.01069542,129.3249022,4.23828125,1017.539978,1,9
425,2018.11.17 18:30,41.65251557,36.01067474,129.3249132,4.23828125,1017.539734,1,9
426,2018.11.17 18:30,41.82170316,36.01066608,129.3249222,4.264701843,1017.53656,1,9
427,2018.11.17 18:30,41.90234263,36.0106521,129.3249222,4.306980133,1017.531738,1,9
428,2018.11.17 18:30,42.03368691,36.01064558,129.324927,4.357183457,1017.525757,1,9
429,2018.11.17 18:30,42.09921925,36.01063923,129.3249396,4.402103424,1017.52063,1,9
430,2018.11.17 18:30,42.149862,36.01062443,129.3249474,4.402103424,1017.52063,1,9
431,2018.11.17 18:30,42.28203122,36.01061752,129.3249509,4.359825134,1017.525269,1,9
432,2018.11.17 18:30,42.35567295,36.0106011,129.3249551,4.312263489,1017.531006,1,9
433,2018.11.17 18:30,42.5109131,36.01059149,129.3249553,4.285842896,1017.534119,1,9
434,2018.11.17 18:30,42.61474659,36.01058334,129.3249554,4.222427368,1017.541748,1,9
435,2018.11.17 18:30,42.7000567,36.01057291,129.3249668,4.164295197,1017.548889,1,9
436,2018.11.17 18:30,42.80231482,36.01056568,129.3249685,4.137870789,1017.552002,1,9
437,2018.11.17 18:30,42.87973576,36.01055434,129.324972,4.106163025,1017.55603,1,9
438,2018.11.17 18:30,42.98695906,36.01054284,129.3249731,4.079742432,1017.559204,1,9
439,2018.11.17 18:30,43.04211422,36.01053392,129.3249844,4.074455261,1017.559875,1,9
440,2018.11.17 18:30,43.07642765,36.01052756,129.3249871,4.06388855,1017.560974,1,9
441,2018.11.17 18:30,43.1010008,36.01051446,129.3249929,4.048034668,1017.562927,1,9
442,2018.11.17 18:30,43.14427233,36.01050238,129.3249946,4.042747498,1017.563416,1,9
443,2018.11.17 18:30,43.18758721,36.01049445,129.3249988,4.053318024,1017.562561,1,9
444,2018.11.17 18:30,43.21272406,36.01048155,129.3250007,4.085025787,1017.558655,1,9
445,2018.11.17 18:30,43.25430101,36.01046975,129.3249996,4.111450195,1017.555298,1,9
446,2018.11.17 18:30,43.29842147,36.01045737,129.3249952,4.127304077,1017.553162,1,9
447,2018.11.17 18:30,43.3531509,36.01044923,129.3250068,4.159011841,1017.549805,1,9
448,2018.11.17 18:30,43.36887546,36.01044242,129.3250145,4.206573486,1017.543823,1,9
449,2018.11.17 18:30,43.38896675,36.01042733,129.3250211,4.248847961,1017.538757,1,9
450,2018.11.17 18:30,43.4433326,36.01041673,129.3250252,4.306980133,1017.53186,1,9
451,2018.11.17 18:30,43.48833369,36.01040673,129.3250294,4.365112305,1017.52478,1,9
452,2018.11.17 18:30,43.53210306,36.01040248,129.3250433,4.386249542,1017.522217,1,9
453,2018.11.17 18:30,43.55773168,36.01039167,129.3250601,4.402103424,1017.520081,1,9
454,2018.11.17 18:30,43.61604329,36.01038676,129.3250688,4.41267395,1017.519043,1,9
455,2018.11.17 18:30,43.65076162,36.0103731,129.3250732,4.441738129,1017.515747,1,9
456,2018.11.17 18:30,43.72491675,36.01036056,129.3250803,4.460235596,1017.513062,1,9
457,2018.11.17 18:30,43.8035992,36.01035109,129.3250897,4.476089478,1017.511475,1,9
458,2018.11.17 18:30,43.87432984,36.01033581,129.3250967,4.476089478,1017.511108,1,9
459,2018.11.17 18:30,43.97600205,36.01032391,129.3251049,4.486656189,1017.510132,1,9
460,2018.11.17 18:30,44.06926025,36.01031406,129.3251192,4.502510071,1017.508484,1,9
461,2018.11.17 18:30,44.16887995,36.01031179,129.3251302,4.528934479,1017.505005,1,9
462,2018.11.17 18:30,44.21952567,36.01030329,129.3251372,4.576496124,1017.499146,1,9
463,2018.11.17 18:30,44.29646142,36.0102885,129.3251474,4.613491058,1017.494751,1,9
464,2018.11.17 18:30,44.42987293,36.01027424,129.3251542,4.639911652,1017.491577,1,9
465,2018.11.17 18:30,44.54581951,36.01026456,129.3251621,4.671619415,1017.487732,1,9
466,2018.11.17 18:30,44.60260231,36.01025438,129.3251651,4.671619415,1017.487732,1,9
467,2018.11.17 18:30,44.63655666,36.0102412,129.3251761,4.671619415,1017.487732,1,9
468,2018.11.17 18:30,44.68345795,36.01023597,129.3251854,4.703327179,1017.484131,1,9
469,2018.11.17 18:30,44.70807453,36.01022333,129.3251942,4.724468231,1017.481384,1,9
470,2018.11.17 18:30,44.73018112,36.01020902,129.3251983,4.745605469,1017.47876,1,9
494,2018.11.17 18:31,42.13054547,36.00998908,129.3253878,4.949064255,1017.454407,1,9
497,2018.11.17 18:31,42.09283268,36.00996374,129.325406,4.956989288,1017.453247,1,9
498,2018.11.17 18:31,42.13292924,36.00995341,129.3254111,4.935852051,1017.455994,1,9
500,2018.11.17 18:31,42.03550209,36.00992122,129.3254398,4.925281525,1017.457336,1,9
503,2018.11.17 18:31,41.96801247,36.00987912,129.3254782,4.988697052,1017.449341,1,9
504,2018.11.17 18:31,42.00130049,36.0098658,129.325485,5.01512146,1017.446533,1,9
505,2018.11.17 18:31,42.06610467,36.00985161,129.3254925,5.01512146,1017.44635,1,9
508,2018.11.17 18:31,41.64650476,36.0098265,129.3255441,4.988697052,1017.449463,1,9
522,2018.11.17 18:32,41.24714336,36.00985605,129.3255807,0.317077637,1017.440491,1,9
523,2018.11.17 18:32,41.24743639,36.0098557,129.3255803,0.359355927,1017.435547,1,9
525,2018.11.17 18:32,41.23092047,36.00985718,129.3255811,0.676433563,1017.397095,1,9
528,2018.11.17 18:32,41.20865974,36.00985873,129.3255812,1.014652252,1017.356323,1,9
529,2018.11.17 18:32,41.2119886,36.00985893,129.3255816,1.104488373,1017.346069,1,9
530,2018.11.17 18:32,41.21225282,36.00985893,129.3255816,1.244531632,1017.328644,1,9
532,2018.11.17 18:32,41.20635888,36.00985984,129.3255832,1.595962524,1017.286316,1,9
533,2018.11.17 18:33,41.21059122,36.00985919,129.3255827,1.706939697,1017.272949,1,9
534,2018.11.17 18:33,41.21606816,36.00985948,129.3255837,1.865478516,1017.253967,1,9
536,2018.11.17 18:33,41.20770372,36.00986115,129.325586,2.150848389,1017.219788,1,9
540,2018.11.17 18:33,41.09788057,36.00986337,129.3255914,2.700450897,1017.153381,1,9
541,2018.11.17 18:33,41.20696003,36.0098605,129.3255929,2.874843597,1017.132629,1,9
542,2018.11.17 18:33,41.2647796,36.00986056,129.3255945,3.017528534,1017.115417,1,9
545,2018.11.17 18:33,41.27242866,36.00985955,129.3255913,3.619977951,1017.042847,1,9
547,2018.11.17 18:33,41.15751187,36.00984729,129.3255759,3.900064468,1017.009155,1,9
548,2018.11.17 18:33,41.32080204,36.00984307,129.3255653,4.011041641,1016.9953,1,9
549,2018.11.17 18:33,41.32361787,36.00984133,129.3255658,4.190719604,1016.974182,1,9
551,2018.11.17 18:33,41.34649353,36.00983854,129.3255633,4.476089478,1016.939758,1,9
552,2018.11.17 18:33,41.37132709,36.00983394,129.3255534,4.645198822,1016.919189,1,9
553,2018.11.17 18:33,41.41456973,36.0098182,129.3255525,4.835445404,1016.895813,1,9
554,2018.11.17 18:33,41.63501567,36.00981432,129.3255405,4.988698959,1016.87793,1,9
555,2018.11.17 18:33,41.87543413,36.00980742,129.3255327,5.189516068,1016.853333,1,9
556,2018.11.17 18:33,42.09648144,36.0098,129.3255253,5.448462486,1016.822144,1,9
557,2018.11.17 18:33,42.31518651,36.00979171,129.325518,5.617570877,1016.802246,1,9
558,2018.11.17 18:33,42.54235716,36.00978173,129.3255126,5.712696075,1016.790649,1,9
559,2018.11.17 18:33,42.76429069,36.00977479,129.3255057,5.754972458,1016.785645,1,9
560,2018.11.17 18:33,42.96597317,36.00975899,129.3254903,5.77082634,1016.783508,1,9
561,2018.11.17 18:33,43.38850196,36.00975608,129.325476,5.807819366,1016.779053,1,9
562,2018.11.17 18:33,43.65733412,36.00975308,129.3254579,5.813102722,1016.778076,1,9
563,2018.11.17 18:33,43.80914167,36.00974913,129.3254499,5.813102722,1016.778076,1,9
564,2018.11.17 18:33,43.96094921,36.00974518,129.3254419,5.807819366,1016.779419,1,9
565,2018.11.17 18:33,44.29671004,36.00973485,129.3254311,5.791965485,1016.780884,1,9
566,2018.11.17 18:33,44.59199419,36.00973013,129.3254196,5.760257721,1016.784668,1,9
567,2018.11.17 18:33,44.82548379,36.0097239,129.3254011,5.728549957,1016.788818,1,9
568,2018.11.17 18:33,45.1598969,36.00971625,129.3253883,5.728549957,1016.788818,1,9
569,2018.11.17 18:33,45.38955403,36.0097098,129.3253718,5.754972458,1016.785461,1,9
570,2018.11.17 18:33,45.62938299,36.00969708,129.3253519,5.791965485,1016.780945,1,9
571,2018.11.17 18:33,45.9017187,36.00969416,129.3253411,5.79724884,1016.78009,1,9
572,2018.11.17 18:33,46.05553537,36.00968685,129.3253272,5.79724884,1016.78009,1,9
573,2018.11.17 18:33,46.22618819,36.00967758,129.3253092,5.781394958,1016.782532,1,9
574,2018.11.17 18:33,46.4304605,36.00967207,129.3252857,5.765541077,1016.784119,1,9
575,2018.11.17 18:33,46.69109693,36.00965956,129.3252656,5.765541077,1016.784119,1,9
576,2018.11.17 18:33,46.80855309,36.0096551,129.3252563,5.786680222,1016.781738,1,9
577,2018.11.17 18:33,46.84399484,36.0096472,129.3252433,5.79724884,1016.780273,1,9
578,2018.11.17 18:33,46.87727764,36.0096417,129.3252247,5.818387985,1016.777649,1,9
579,2018.11.17 18:33,46.94286406,36.00962154,129.325201,5.823673248,1016.777405,1,9
580,2018.11.17 18:33,47.00118204,36.00960181,129.3251857,5.823673248,1016.777222,1,9
581,2018.11.17 18:33,47.03194594,36.0095895,129.3251707,5.834241867,1016.775879,1,9
582,2018.11.17 18:33,47.07999761,36.00957597,129.325157,5.844810486,1016.774353,1,9
583,2018.11.17 18:33,47.12594658,36.00956541,129.3251317,5.834241867,1016.775574,1,9
584,2018.11.17 18:33,47.23944345,36.00955331,129.3251048,5.818387985,1016.778015,1,9
585,2018.11.17 18:33,47.37226073,36.00954555,129.3250946,5.813102722,1016.778076,1,9
586,2018.11.17 18:33,47.42983109,36.00953294,129.3250863,5.813102722,1016.778076,1,9
587,2018.11.17 18:33,47.46726309,36.00952129,129.3250657,5.818387985,1016.778015,1,9
588,2018.11.17 18:33,47.57430523,36.00951436,129.3250356,5.823673248,1016.777039,1,9
589,2018.11.17 18:33,47.7498593,36.00950002,129.325019,5.828956604,1016.776489,1,9
590,2018.11.17 18:33,47.85826478,36.00948669,129.3250079,5.823673248,1016.777039,1,9
591,2018.11.17 18:33,47.93263377,36.00947439,129.3249875,5.818387985,1016.777649,1,9
592,2018.11.17 18:33,48.06409944,36.00946238,129.3249764,5.813102722,1016.778564,1,9
593,2018.11.17 18:34,48.14832755,36.00945193,129.3249601,5.760257721,1016.78479,1,9
594,2018.11.17 18:34,48.26429279,36.00943266,129.3249476,5.739118576,1016.787415,1,9
597,2018.11.17 18:34,48.24305732,36.0093837,129.324904,5.59643364,1016.804504,1,9
599,2018.11.17 18:34,48.23016737,36.00935115,129.3248705,5.533018112,1016.812256,1,9
601,2018.11.17 18:34,48.25173647,36.00934298,129.3248579,5.464317322,1016.820435,1,9
603,2018.11.17 18:34,48.27378131,36.00933087,129.3248345,5.427324295,1016.824707,1,9
605,2018.11.17 18:34,48.35093009,36.00931045,129.324814,5.427324295,1016.824707,1,9
606,2018.11.17 18:34,48.36616086,36.00929409,129.3247961,5.427324295,1016.824707,1,9
607,2018.11.17 18:34,48.37807288,36.00928326,129.3247833,5.416755676,1016.826477,1,9
608,2018.11.17 18:34,48.3916237,36.00928561,129.3247705,5.40090084,1016.828033,1,9
609,2018.11.17 18:34,48.49123776,36.00927983,129.3247456,5.374477386,1016.831543,1,9
612,2018.11.17 18:34,48.5967005,36.00922646,129.3246883,5.337486267,1016.835876,1,9
613,2018.11.17 18:34,48.61409682,36.00921522,129.3246765,5.332201004,1016.836548,1,9
614,2018.11.17 18:34,48.61454555,36.00921066,129.3246639,5.321632385,1016.837646,1,9
615,2018.11.17 18:34,48.65892026,36.00920188,129.3246487,5.321632385,1016.837769,1,9
616,2018.11.17 18:34,48.70449466,36.00919524,129.3246365,5.321632385,1016.837646,1,9
617,2018.11.17 18:34,48.74792997,36.00918992,129.3246274,5.332201004,1016.836426,1,9
618,2018.11.17 18:34,48.78249277,36.00917696,129.3246163,5.337486267,1016.835571,1,9
620,2018.11.17 18:34,48.7694959,36.00915946,129.3245973,5.348054886,1016.834473,1,9
621,2018.11.17 18:34,48.82319078,36.00915745,129.324577,5.334843636,1016.83606,1,9
622,2018.11.17 18:34,48.94195977,36.00915983,129.3245677,5.305778503,1016.839294,1,9
624,2018.11.17 18:34,49.00273249,36.00914504,129.3245498,5.27407074,1016.84314,1,9
625,2018.11.17 18:34,49.02811844,36.00914349,129.3245358,5.27407074,1016.84314,1,9
626,2018.11.17 18:34,49.10469802,36.0091388,129.3245173,5.284639359,1016.841919,1,9
627,2018.11.17 18:34,49.18529833,36.0091332,129.3245016,5.305778503,1016.8396,1,9
628,2018.11.17 18:34,49.23952841,36.00913189,129.3244876,5.321632385,1016.838013,1,9
629,2018.11.17 18:34,49.31811349,36.00912423,129.3244685,5.326915741,1016.83667,1,9
638,2018.11.17 18:34,48.99031394,36.00904498,129.3243835,5.163093567,1016.856567,1,9
644,2018.11.17 18:34,48.70388408,36.00898825,129.3243366,5.141954422,1016.859009,1,9
645,2018.11.17 18:34,48.70422573,36.00898827,129.3243211,5.136669159,1016.859802,1,9
646,2018.11.17 18:34,48.78684275,36.00897924,129.324306,5.136669159,1016.859802,1,9
648,2018.11.17 18:34,48.77169615,36.00896193,129.3242812,5.163093567,1016.856995,1,9
649,2018.11.17 18:34,48.79986573,36.00895612,129.3242672,5.178947449,1016.854553,1,9
652,2018.11.17 18:34,48.82254101,36.0089319,129.3242383,5.205369949,1016.851563,1,9
653,2018.11.17 18:35,48.82692974,36.00892397,129.3242232,5.194801331,1016.853088,1,9
654,2018.11.17 18:35,48.86089064,36.00891799,129.3242098,5.178947449,1016.854614,1,9
656,2018.11.17 18:35,48.85530307,36.00890605,129.3241851,5.136669159,1016.85968,1,9
657,2018.11.17 18:35,48.97497828,36.00891352,129.3241737,5.131383896,1016.86084,1,9
658,2018.11.17 18:35,49.10752075,36.00890971,129.3241601,5.115530014,1016.862427,1,9
661,2018.11.17 18:35,49.12455424,36.0088857,129.3241209,5.067968369,1016.868286,1,9
664,2018.11.17 18:35,49.05202471,36.00885983,129.324089,4.872438431,1016.891541,1,9
667,2018.11.17 18:35,49.01070552,36.00883131,129.3240254,4.565927505,1016.928406,1,9
669,2018.11.17 18:35,49.05417404,36.00882142,129.3240036,4.470804214,1016.940063,1,9
672,2018.11.17 18:35,49.03084629,36.00880342,129.3239718,4.481374741,1016.939148,1,9
673,2018.11.17 18:35,49.07497813,36.00880432,129.323965,4.547431946,1016.930908,1,9
674,2018.11.17 18:35,49.10722106,36.00880384,129.3239472,4.618774414,1016.922058,1,9
675,2018.11.17 18:35,49.16491007,36.00880562,129.3239379,4.671621323,1016.916199,1,9
676,2018.11.17 18:35,49.21248195,36.00880776,129.3239228,4.73503685,1016.90802,1,9
677,2018.11.17 18:35,49.27986808,36.00881518,129.3239117,4.798452377,1016.900574,1,9
678,2018.11.17 18:35,49.3705079,36.0088124,129.3239006,4.819591522,1016.898254,1,9
679,2018.11.17 18:35,49.39783666,36.00882327,129.3238913,4.835445404,1016.896301,1,9
680,2018.11.17 18:35,49.50093651,36.00882954,129.3238822,4.861867905,1016.893311,1,9
681,2018.11.17 18:35,49.56437912,36.00883463,129.3238683,4.861867905,1016.893311,1,9
682,2018.11.17 18:35,49.61208691,36.00883664,129.3238582,4.84072876,1016.895752,1,9
683,2018.11.17 18:35,49.63557564,36.00884618,129.3238481,4.835445404,1016.896423,1,9
684,2018.11.17 18:35,49.70135683,36.00885112,129.3238362,4.835445404,1016.896423,1,9
685,2018.11.17 18:35,49.74281654,36.00885862,129.3238251,4.809020996,1016.899719,1,9
689,2018.11.17 18:35,49.65898521,36.00883439,129.3237731,4.449666977,1016.94281,1,9
690,2018.11.17 18:35,49.68057156,36.00884353,129.323763,4.402105331,1016.94873,1,9
691,2018.11.17 18:35,49.73494959,36.00884445,129.3237541,4.370397568,1016.952148,1,9
692,2018.11.17 18:35,49.74962277,36.00885263,129.3237436,4.370397568,1016.952393,1,9
693,2018.11.17 18:35,49.79566712,36.00886102,129.3237361,4.370397568,1016.952393,1,9
694,2018.11.17 18:35,49.84289164,36.00887068,129.3237295,4.380966187,1016.950806,1,9
695,2018.11.17 18:35,49.89436778,36.00887894,129.3237182,4.380966187,1016.950806,1,9
696,2018.11.17 18:35,49.93899065,36.00889055,129.3237074,4.380966187,1016.950989,1,9
698,2018.11.17 18:35,49.99303552,36.00889321,129.3236982,4.465520859,1016.940796,1,9
699,2018.11.17 18:35,50.00754501,36.00890137,129.3236863,4.684832573,1016.914551,1,9
700,2018.11.17 18:35,50.03544555,36.00890251,129.3236858,5.05739975,1016.869263,1,9
701,2018.11.17 18:35,50.04192289,36.00891222,129.3236754,5.37976265,1016.83075,1,9
702,2018.11.17 18:35,50.07401899,36.00891442,129.323668,5.670417786,1016.795166,1,9
703,2018.11.17 18:35,50.08436284,36.00891485,129.3236656,5.955787659,1016.76123,1,9
704,2018.11.17 18:35,50.08680485,36.00891568,129.3236628,6.204166412,1016.731018,1,9
705,2018.11.17 18:35,50.08972697,36.00891699,129.3236592,6.452545166,1016.701355,1,9
706,2018.11.17 18:35,50.09426952,36.00891829,129.3236565,6.695638657,1016.671997,1,9
707,2018.11.17 18:35,50.09893291,36.00891866,129.323654,6.912307739,1016.646057,1,9
708,2018.11.17 18:35,50.10057341,36.00892261,129.3236562,7.086702347,1016.625,1,9
710,2018.11.17 18:35,50.11006959,36.00892226,129.3236473,7.282232285,1016.601501,1,9
713,2018.11.17 18:36,50.11235984,36.00892239,129.3236444,7.298086166,1016.599731,1,9
716,2018.11.17 18:36,50.11161238,36.00892219,129.3236409,7.446056366,1016.58197,1,9
717,2018.11.17 18:36,50.11328774,36.00892215,129.3236398,7.562318802,1016.567932,1,9
971,2018.11.17 18:40,51.53132086,36.01115772,129.3226281,0,1016.485474,1,4
972,2018.11.17 18:40,51.5324261,36.01115942,129.3226278,-0.015853882,1016.487549,1,4
974,2018.11.17 18:40,51.52625663,36.01117774,129.3226269,-0.036993027,1016.490173,1,4
977,2018.11.17 18:40,51.50163526,36.01118495,129.3226313,-0.005285263,1016.486145,1,4
978,2018.11.17 18:40,51.5189656,36.01119058,129.322625,0,1016.485474,1,4
979,2018.11.17 18:40,51.54114693,36.01119998,129.3226222,0.031707764,1016.481628,1,4
980,2018.11.17 18:40,51.55241505,36.01120388,129.3226196,0.031707764,1016.481628,1,4
981,2018.11.17 18:40,51.56198761,36.01120965,129.3226118,0.005285263,1016.48468,1,4
982,2018.11.17 18:40,51.58811729,36.01122455,129.3225983,-0.047561646,1016.491577,1,4
983,2018.11.17 18:40,51.63457944,36.01123123,129.3225895,-0.100408554,1016.497559,1,4
984,2018.11.17 18:40,51.66776264,36.01124289,129.3225776,-0.163824081,1016.505127,1,4
985,2018.11.17 18:40,51.70956057,36.01125211,129.3225713,-0.221955299,1016.512421,1,4
986,2018.11.17 18:40,51.73427793,36.01126269,129.3225668,-0.290655136,1016.520386,1,4
987,2018.11.17 18:40,51.75114176,36.01126728,129.3225556,-0.3487854,1016.527466,1,4
988,2018.11.17 18:40,51.78912422,36.01127048,129.3225515,-0.385778427,1016.532104,1,4
989,2018.11.17 18:40,51.80640132,36.01128391,129.3225466,-0.486186981,1016.544067,1,4
990,2018.11.17 18:40,51.82392874,36.01129469,129.322545,-0.53903389,1016.550354,1,4
991,2018.11.17 18:40,51.83076953,36.01130288,129.322525,-0.560171127,1016.55304,1,4
992,2018.11.17 18:40,51.89632788,36.01130825,129.3225006,-0.597164154,1016.557678,1,4
993,2018.11.17 18:41,51.98182048,36.01131651,129.3224946,-0.618303299,1016.559753,1,4
994,2018.11.17 18:41,52.01007646,36.0113254,129.322469,-0.639442444,1016.562744,1,4
995,2018.11.17 18:41,52.09556732,36.01133724,129.3224627,-0.639442444,1016.562744,1,4
996,2018.11.17 18:41,52.12469517,36.01134389,129.3224497,-0.618303299,1016.560181,1,4
997,2018.11.17 18:41,52.16964439,36.01134723,129.3224374,-0.544317245,1016.550842,1,4
998,2018.11.17 18:41,52.21413641,36.01135043,129.3224254,-0.406917572,1016.534454,1,4
999,2018.11.17 18:41,52.25746348,36.01134304,129.3224037,-0.227239609,1016.512817,1,4
1000,2018.11.17 18:41,52.33199883,36.01134912,129.3223991,-0.095123291,1016.497314,1,4
1001,2018.11.17 18:41,52.3544899,36.01135559,129.3223894,-0.036993027,1016.489868,1,4
1002,2018.11.17 18:41,52.38789211,36.01135725,129.3223865,0.021139145,1016.483215,1,4
1003,2018.11.17 18:41,52.40074237,36.01135151,129.3223705,0.06870079,1016.477295,1,4
1004,2018.11.17 18:41,52.45384167,36.0113706,129.3223706,0.095123291,1016.47406,1,4
1005,2018.11.17 18:41,52.45888381,36.01138928,129.3223617,0.100408554,1016.473694,1,4
1006,2018.11.17 18:41,52.48947683,36.01139443,129.3223551,0.116262436,1016.471436,1,4
1007,2018.11.17 18:41,52.53065869,36.01140039,129.3223534,0.137399673,1016.469177,1,4
1008,2018.11.17 18:41,52.55943432,36.01141095,129.3223382,0.137399673,1016.469177,1,4
1009,2018.11.17 18:41,52.64602083,36.01141732,129.3223363,0.137399673,1016.469177,1,4
1010,2018.11.17 18:41,52.6812252,36.01142367,129.3223153,0.10569191,1016.472656,1,4
1011,2018.11.17 18:41,52.7735495,36.01144396,129.3223129,0.084554672,1016.475372,1,4
1012,2018.11.17 18:41,52.85628733,36.01145139,129.3223004,0.084554672,1016.475586,1,4
1013,2018.11.17 18:41,52.92893413,36.0114581,129.3222937,0.095123291,1016.474243,1,4
1014,2018.11.17 18:41,52.97968407,36.01146928,129.3222906,0.126831055,1016.470093,1,4
1015,2018.11.17 18:41,53.03110077,36.0114741,129.3222772,0.184963226,1016.463013,1,4
1016,2018.11.17 18:41,53.09532829,36.01147101,129.3222681,0.280086517,1016.45166,1,4
1018,2018.11.17 18:41,53.12066976,36.01147248,129.3222633,0.560171127,1016.418213,1,4
1019,2018.11.17 18:41,53.14390463,36.01147904,129.3222475,0.739849091,1016.396545,1,4
1020,2018.11.17 18:41,53.21882715,36.01148473,129.322234,0.877250671,1016.380005,1,4
1021,2018.11.17 18:41,53.28863248,36.01149279,129.322224,1.041074753,1016.360107,1,4
1022,2018.11.17 18:41,53.35403281,36.01149849,129.3222159,1.183759689,1016.342834,1,4
1023,2018.11.17 18:41,53.40536273,36.01150512,129.3222121,1.321159363,1016.32666,1,4
1024,2018.11.17 18:41,53.44429928,36.01151109,129.3222062,1.556325913,1016.298187,1,4
1025,2018.11.17 18:41,53.48636356,36.01151281,129.3221842,1.823200226,1016.26593,1,4
1026,2018.11.17 18:41,53.56756355,36.01152026,129.3221759,1.955316544,1016.250244,1,4
1027,2018.11.17 18:41,53.62680431,36.01152748,129.3221702,2.055725098,1016.237915,1,4
1028,2018.11.17 18:41,53.67451076,36.01154155,129.3221564,2.129709244,1016.229309,1,4
1029,2018.11.17 18:41,53.76953409,36.01154529,129.3221502,2.150848389,1016.226746,1,4
1030,2018.11.17 18:41,53.81130876,36.01155948,129.3221386,2.150848389,1016.226746,1,4
1031,2018.11.17 18:41,53.89900979,36.01156576,129.3221332,2.145563126,1016.227173,1,4
1032,2018.11.17 18:41,53.94566899,36.0115778,129.3221324,2.145563126,1016.227173,1,4
1033,2018.11.17 18:41,53.99180143,36.01158289,129.3221205,2.156133652,1016.225708,1,4
1034,2018.11.17 18:41,54.05165531,36.01158362,129.3220972,2.177270889,1016.22345,1,4
1035,2018.11.17 18:41,54.13547883,36.01159404,129.3220942,2.193124771,1016.22168,1,4
1036,2018.11.17 18:41,54.18729151,36.01161227,129.3220915,2.193124771,1016.221558,1,4
1037,2018.11.17 18:41,54.26034769,36.01162295,129.3220853,2.214263916,1016.218994,1,4
1038,2018.11.17 18:41,54.32214549,36.01162214,129.3220855,2.214263916,1016.218994,1,4
1039,2018.11.17 18:41,54.32513237,36.01163479,129.3220765,2.214263916,1016.218994,1,4
1040,2018.11.17 18:41,54.39561996,36.01163593,129.3220794,2.224832535,1016.217712,1,4
1041,2018.11.17 18:41,54.39697643,36.01164318,129.3220712,2.235403061,1016.216431,1,4
1042,2018.11.17 18:41,54.44707241,36.0116473,129.322071,2.24597168,1016.215332,1,4
1043,2018.11.17 18:41,54.46606211,36.01166401,129.3220677,2.24597168,1016.21521,1,4
1044,2018.11.17 18:41,54.53291774,36.01168167,129.3220636,2.24597168,1016.21521,1,4
1045,2018.11.17 18:41,54.56132877,36.01169342,129.3220507,2.150848389,1016.226807,1,4
1046,2018.11.17 18:41,54.60613765,36.01169446,129.322042,2.045154572,1016.239258,1,4
1047,2018.11.17 18:41,54.63890833,36.01170434,129.3220308,1.950031281,1016.250549,1,4
1048,2018.11.17 18:41,54.67822742,36.01170006,129.3220108,1.85490799,1016.262512,1,4
1049,2018.11.17 18:41,54.74700613,36.01170933,129.3219928,1.77563858,1016.272034,1,4
1050,2018.11.17 18:41,54.81217334,36.0117196,129.3219814,1.786208153,1016.27063,1,4
1051,2018.11.17 18:41,54.85565905,36.01171269,129.3219606,1.807346344,1016.267822,1,4
1052,2018.11.17 18:41,54.92756668,36.01171442,129.3219412,1.812631607,1016.267456,1,4
1053,2018.11.17 18:42,54.9976679,36.01172672,129.3219322,1.817914963,1016.266541,1,4
1054,2018.11.17 18:42,55.03370253,36.01173314,129.3219197,1.828485489,1016.265625,1,4
1055,2018.11.17 18:42,55.07777688,36.01174537,129.3219086,1.833770752,1016.264587,1,4
1056,2018.11.17 18:42,55.11802721,36.01174963,129.3219003,1.833770752,1016.264404,1,4
1057,2018.11.17 18:42,55.14897561,36.01176393,129.3218959,1.839054108,1016.26416,1,4
1058,2018.11.17 18:42,55.16642134,36.01176732,129.321892,1.839054108,1016.26416,1,4
1059,2018.11.17 18:42,55.18080706,36.01177847,129.3218863,1.839054108,1016.26416,1,4
1061,2018.11.17 18:42,55.1926926,36.01180283,129.3218691,1.833770752,1016.264709,1,4
1062,2018.11.17 18:42,55.25766743,36.01180704,129.3218653,1.85490799,1016.261963,1,4
1063,2018.11.17 18:42,55.2765932,36.01181366,129.3218535,1.865478516,1016.260681,1,4
1064,2018.11.17 18:42,55.31653967,36.0118244,129.3218463,1.876047134,1016.259705,1,4
1066,2018.11.17 18:42,55.32231394,36.01184029,129.3218326,1.897186279,1016.257263,1,4
1067,2018.11.17 18:42,55.38897292,36.01184766,129.3218206,1.907754898,1016.256042,1,4
1068,2018.11.17 18:42,55.43437249,36.01185341,129.3218218,1.907754898,1016.255859,1,4
1069,2018.11.17 18:42,55.43500543,36.01186743,129.3218119,1.944747925,1016.251709,1,4
1070,2018.11.17 18:42,55.46710761,36.01187272,129.3218043,1.944747925,1016.251099,1,4
1071,2018.11.17 18:42,55.49496153,36.01187816,129.3217981,1.987024307,1016.246338,1,4
1072,2018.11.17 18:42,55.51783817,36.01188442,129.3217856,2.082147598,1016.234985,1,4
1073,2018.11.17 18:42,55.56058299,36.01189668,129.3217732,2.198410034,1016.221069,1,4
1074,2018.11.17 18:42,55.60525283,36.01190178,129.3217608,2.330526352,1016.204712,1,4
1075,2018.11.17 18:42,55.64989544,36.01191084,129.3217593,2.452072144,1016.190247,1,4
1076,2018.11.17 18:42,55.65922802,36.01192232,129.3217441,2.560407639,1016.177094,1,4
1077,2018.11.17 18:42,55.70938689,36.01192832,129.3217375,2.578903198,1016.174805,1,4
1078,2018.11.17 18:42,55.73551713,36.01193066,129.3217334,2.578903198,1016.174805,1,4
1079,2018.11.17 18:42,55.75143734,36.01194782,129.3217299,2.578903198,1016.174927,1,4
1080,2018.11.17 18:42,55.77557193,36.01195467,129.3217191,2.568334579,1016.176208,1,4
1081,2018.11.17 18:42,55.8350525,36.01195829,129.3216981,2.563049316,1016.177124,1,4
1082,2018.11.17 18:42,55.92075443,36.01197294,129.3216914,2.563049316,1016.177124,1,4
1083,2018.11.17 18:42,55.9984561,36.01198363,129.3216856,2.568334579,1016.176147,1,4
1084,2018.11.17 18:42,56.05966102,36.0119893,129.321674,2.584188461,1016.174683,1,4
1085,2018.11.17 18:42,56.12179805,36.01199767,129.3216701,2.605327606,1016.171875,1,4
1086,2018.11.17 18:42,56.16757627,36.01200548,129.3216642,2.642318726,1016.167664,1,4
1087,2018.11.17 18:42,56.21660752,36.01200435,129.3216635,2.642318726,1016.167664,1,4
1088,2018.11.17 18:42,56.22011675,36.01200954,129.3216475,2.642318726,1016.167664,1,4
1089,2018.11.17 18:42,56.28911163,36.01202016,129.3216411,2.629108429,1016.168762,1,4
1090,2018.11.17 18:42,56.35121055,36.01203097,129.3216315,2.59475708,1016.173035,1,4
1091,2018.11.17 18:42,56.423771,36.01204194,129.3216183,2.589473724,1016.173767,1,4
1092,2018.11.17 18:42,56.50918103,36.01205723,129.3216172,2.584188461,1016.174438,1,4
1093,2018.11.17 18:42,56.5709096,36.01206283,129.3216123,2.584188461,1016.174438,1,4
1094,2018.11.17 18:42,56.61103021,36.01207344,129.3216025,2.584188461,1016.174255,1,4
1095,2018.11.17 18:42,56.68133103,36.01207172,129.3215936,2.615896225,1016.170715,1,4
1096,2018.11.17 18:42,56.71146673,36.01207776,129.3215845,2.63703537,1016.168091,1,4
1097,2018.11.17 18:42,56.76339692,36.01208701,129.321571,2.652889252,1016.166321,1,4
1098,2018.11.17 18:42,56.84247987,36.01209006,129.3215555,2.679311752,1016.163086,1,4
1099,2018.11.17 18:42,56.91060697,36.01210124,129.3215472,2.70573616,1016.159607,1,4
1100,2018.11.17 18:42,56.98052241,36.0121084,129.3215438,2.74272728,1016.15564,1,4
1101,2018.11.17 18:42,57.0215235,36.01212169,129.3215406,2.769151688,1016.151978,1,4
1102,2018.11.17 18:42,57.07916136,36.01212484,129.3215322,2.821996689,1016.145691,1,4
1103,2018.11.17 18:42,57.1222718,36.01213525,129.3215218,2.861632347,1016.140778,1,4
1104,2018.11.17 18:42,57.19408009,36.01214553,129.3215155,2.885412216,1016.137817,1,4
1105,2018.11.17 18:42,57.25488794,36.01215494,129.3215017,2.885412216,1016.137817,1,4
1106,2018.11.17 18:42,57.33616327,36.0121593,129.3214983,2.874843597,1016.139465,1,4
1107,2018.11.17 18:42,57.36942203,36.01217262,129.3214971,2.874843597,1016.139648,1,4
1108,2018.11.17 18:42,57.41981745,36.01218108,129.3214818,2.864274979,1016.140503,1,4
1109,2018.11.17 18:42,57.50174069,36.01219767,129.3214712,2.864274979,1016.140503,1,4
1110,2018.11.17 18:42,57.59829056,36.01221365,129.3214641,2.890697479,1016.13739,1,4
1111,2018.11.17 18:42,57.68254272,36.0122288,129.3214472,2.954113007,1016.130005,1,4
1112,2018.11.17 18:42,57.77362632,36.01223977,129.3214426,3.065090179,1016.116394,1,4
1113,2018.11.17 18:43,57.79768982,36.01225194,129.3214228,3.207777023,1016.099487,1,4
1114,2018.11.17 18:43,57.86407093,36.01226488,129.3214158,3.361030579,1016.080872,1,4
1115,2018.11.17 18:43,57.89330655,36.01228201,129.3214153,3.535423279,1016.06012,1,4
1116,2018.11.17 18:43,57.89798792,36.0122964,129.3214107,3.693963051,1016.040527,1,4
1118,2018.11.17 18:43,57.86982512,36.01232522,129.3214177,3.826078415,1016.02478,1,4
1120,2018.11.17 18:43,57.85156643,36.01233919,129.3214274,3.921201706,1016.01355,1,4
1121,2018.11.17 18:43,57.85449659,36.01233779,129.3214178,4.053318024,1015.997803,1,4
1122,2018.11.17 18:43,57.8861487,36.01234226,129.3214036,4.232995987,1015.975891,1,4
1123,2018.11.17 18:43,57.93515437,36.01234672,129.3214041,4.417959213,1015.953369,1,4
1124,2018.11.17 18:43,57.93850998,36.01235246,129.3213904,4.571212769,1015.934937,1,4
1125,2018.11.17 18:43,57.98326464,36.01235932,129.3213749,4.703329086,1015.919189,1,4
1126,2018.11.17 18:43,58.03790643,36.01235823,129.3213659,4.787883759,1015.909119,1,4
1127,2018.11.17 18:43,58.07242944,36.0123638,129.3213439,4.830160141,1015.903992,1,4
1128,2018.11.17 18:43,58.14718988,36.01236797,129.3213391,4.861867905,1015.899902,1,4
1129,2018.11.17 18:43,58.17039011,36.0123712,129.3213245,4.867153168,1015.89917,1,4
1130,2018.11.17 18:43,58.21997194,36.01238691,129.3213112,4.867153168,1015.89917,1,4
1131,2018.11.17 18:43,58.26787293,36.01239742,129.321304,4.893575668,1015.896301,1,4
1132,2018.11.17 18:43,58.29592658,36.01240891,129.3212869,4.972845078,1015.886597,1,4
1133,2018.11.17 18:43,58.35417857,36.01241548,129.3212814,5.131385803,1015.867615,1,4
1134,2018.11.17 18:43,58.37778102,36.0124216,129.3212812,5.363908768,1015.8396,1,4
1135,2018.11.17 18:43,58.38102018,36.01241404,129.321266,5.643995285,1015.80603,1,4
1136,2018.11.17 18:43,58.43058344,36.01242469,129.3212597,5.902942657,1015.774597,1,4
1137,2018.11.17 18:43,58.45572714,36.01242987,129.3212482,6.103757858,1015.750671,1,4
1138,2018.11.17 18:43,58.49573236,36.01242225,129.3212383,6.262298584,1015.731873,1,4
1139,2018.11.17 18:43,58.53184042,36.01243148,129.3212358,6.341567993,1015.722351,1,4
1140,2018.11.17 18:43,58.54337512,36.01244249,129.3212289,6.389129639,1015.716187,1,4
1141,2018.11.17 18:43,58.56703683,36.01244609,129.3212229,6.463113785,1015.707397,1,4
1144,2018.11.17 18:43,58.57753265,36.01247824,129.3212154,7.160686493,1015.623657,1,4
1145,2018.11.17 18:43,58.61418504,36.01248125,129.3211999,7.292802811,1015.607361,1,4
1146,2018.11.17 18:43,58.66811273,36.0124924,129.3211891,7.419633865,1015.592407,1,4
1147,2018.11.17 18:43,58.70839395,36.01250253,129.3211856,7.47776413,1015.585022,1,4
1148,2018.11.17 18:43,58.73180608,36.01251583,129.3211779,7.504188538,1015.582214,1,4
1149,2018.11.17 18:43,58.80223506,36.01254042,129.3211764,7.514757156,1015.581116,1,4
1150,2018.11.17 18:43,58.89375595,36.01255944,129.3211636,7.525325775,1015.57959,1,4
1151,2018.11.17 18:43,59.00627566,36.01257205,129.321153,7.530611038,1015.578918,1,4
1152,2018.11.17 18:43,59.09260545,36.01258579,129.3211422,7.541179657,1015.577332,1,4
1153,2018.11.17 18:43,59.18088244,36.01259215,129.32114,7.594026566,1015.571167,1,4
1154,2018.11.17 18:43,59.21728582,36.01260789,129.3211367,7.678581238,1015.560913,1,4
1155,2018.11.17 18:43,59.28278605,36.01262228,129.3211299,7.940170288,1015.52951,1,4
1156,2018.11.17 18:43,59.35771224,36.01263952,129.3211285,8.217615128,1015.496216,1,4
1157,2018.11.17 18:43,59.42566399,36.01265169,129.3211324,8.397291183,1015.474792,1,4
1158,2018.11.17 18:43,59.45922461,36.01265745,129.3211252,8.566400528,1015.454468,1,4
1159,2018.11.17 18:43,59.50471324,36.01267644,129.321117,8.698516846,1015.438171,1,4
1160,2018.11.17 18:43,59.59723513,36.01269146,129.3211092,8.862340927,1015.41864,1,4
1162,2018.11.17 18:43,59.66203038,36.01268762,129.3211097,9.174133301,1015.381226,1,4
1163,2018.11.17 18:43,59.66984169,36.01268878,129.3211023,9.295681,1015.36676,1,4
1164,2018.11.17 18:43,59.6820486,36.01268367,129.3210881,9.396089554,1015.354248,1,4
1165,2018.11.17 18:43,59.68278864,36.01268667,129.3210847,9.459505081,1015.346436,1,4
1167,2018.11.17 18:43,59.68737169,36.01268559,129.3210632,9.496496201,1015.342163,1,4
1168,2018.11.17 18:43,59.71576495,36.01269022,129.3210468,9.546701431,1015.336182,1,4
1169,2018.11.17 18:43,59.74775238,36.01268998,129.3210381,9.665605545,1015.322021,1,4
1172,2018.11.17 18:43,59.72722768,36.01267472,129.3210388,9.829429626,1015.302002,1,4
1173,2018.11.17 18:44,59.73094506,36.01267322,129.3210226,0,1015.315674,1,4
1174,2018.11.17 18:44,59.73645071,36.01268081,129.3210335,0.015853882,1015.313477,1,4
1175,2018.11.17 18:44,59.74145074,36.01268257,129.3210351,0,1015.315674,1,4
1176,2018.11.17 18:44,59.74426474,36.0126823,129.3210339,-0.031707764,1015.31958,1,4
1203,2018.11.17 18:44,58.64865735,36.01244619,129.321199,-2.901268005,1015.665039,1,4
1206,2018.11.17 18:44,58.63948391,36.01239672,129.3212036,-3.139076233,1015.693481,1,4
1223,2018.11.17 18:44,58.14509738,36.01223536,129.3213374,-4.88300705,1015.903076,1,4
1224,2018.11.17 18:45,58.17548176,36.01223464,129.321336,-5.004554749,1015.918091,1,4
1265,2018.11.17 18:45,55.78375115,36.01190843,129.3217226,-5.99542427,1016.03714,1,4
1288,2018.11.17 18:46,54.97972816,36.01171744,129.3219477,-6.616369247,1016.111755,1,4
1364,2018.11.17 18:47,51.79451198,36.01110962,129.3225489,-9.020879745,1016.401672,1,4
1374,2018.11.17 18:47,51.53319042,36.01105249,129.3225853,-10.32618523,1016.558838,1,4
1389,2018.11.17 18:47,51.0271047,36.01088793,129.3227282,-11.10302734,1016.652283,1,4
1397,2018.11.17 18:47,50.9965879,36.01085086,129.3227622,-11.20607853,1016.664886,1,4
1426,2018.11.17 18:48,50.21709875,36.01082053,129.322999,-11.13473511,1016.656128,1,4
1427,2018.11.17 18:48,50.2238051,36.01082878,129.3229846,-11.07131958,1016.648438,1,4
1428,2018.11.17 18:48,50.25370623,36.01083639,129.322981,-10.99733543,1016.639343,1,4
1429,2018.11.17 18:48,50.26118014,36.01083639,129.3229681,-10.94448853,1016.633423,1,4
1430,2018.11.17 18:48,50.30378544,36.01084614,129.3229563,-10.8546505,1016.62262,1,4
1431,2018.11.17 18:48,50.45901811,36.01086475,129.3229246,0,1016.625916,1,4
1432,2018.11.17 18:48,50.4644277,36.01086681,129.3229153,-0.06870079,1016.63446,1,4
1433,2018.11.17 18:48,50.49509179,36.01087855,129.3229028,-0.137399673,1016.642944,1,4
1434,2018.11.17 18:48,50.53878702,36.01089091,129.3228864,-0.1743927,1016.647217,1,4
1435,2018.11.17 18:48,50.59608318,36.01088476,129.3228798,-0.216669083,1016.652466,1,4
1436,2018.11.17 18:48,50.62344213,36.0108913,129.3228702,-0.306509018,1016.662903,1,4
1437,2018.11.17 18:48,50.65698094,36.01089921,129.3228593,-0.375209808,1016.671387,1,4
1438,2018.11.17 18:48,50.69583439,36.01090349,129.3228477,-0.385778427,1016.672607,1,4
1439,2018.11.17 18:48,50.73724492,36.01090838,129.3228368,-0.499397278,1016.686523,1,4
1440,2018.11.17 18:48,50.77662462,36.01092271,129.322821,-0.554885864,1016.693115,1,4
1441,2018.11.17 18:48,50.83188247,36.01091579,129.3228128,-0.544317245,1016.69165,1,4
1442,2018.11.17 18:48,50.86380978,36.01092906,129.3228138,-0.480901718,1016.684082,1,4
1444,2018.11.17 18:48,50.86286682,36.01095458,129.3228074,-0.480901718,1016.684082,1,4
1445,2018.11.17 18:48,50.88447947,36.01096114,129.3228033,-0.517894745,1016.688721,1,4
1447,2018.11.17 18:48,50.89172449,36.01096677,129.3228015,-0.639440536,1016.703186,1,4
1448,2018.11.17 18:48,50.90641278,36.01096822,129.322796,-0.639440536,1016.703186,1,4
1449,2018.11.17 18:48,50.92568633,36.0109596,129.3227958,-0.623586655,1016.70105,1,4
1450,2018.11.17 18:48,50.92845826,36.01096596,129.3227827,-0.586595535,1016.696655,1,4
1451,2018.11.17 18:48,50.97107401,36.01097342,129.322782,-0.576025009,1016.695679,1,4
1453,2018.11.17 18:48,50.97130885,36.01097832,129.3227795,-0.523178101,1016.689453,1,4
1454,2018.11.17 18:48,50.98579608,36.01098155,129.3227734,-0.523178101,1016.689392,1,4
1455,2018.11.17 18:48,51.0003254,36.01098261,129.32277,-0.507324219,1016.687561,1,4
1456,2018.11.17 18:49,51.00779335,36.01098585,129.3227657,-0.507324219,1016.687561,1,4
1457,2018.11.17 18:49,51.01649837,36.01099737,129.3227614,-0.512609482,1016.687927,1,4
1458,2018.11.17 18:49,51.02715357,36.01101376,129.3227437,-0.512609482,1016.687927,1,4
1459,2018.11.17 18:49,51.06864191,36.01102609,129.3227294,-0.486186981,1016.684631,1,4
1460,2018.11.17 18:49,51.10977347,36.01103796,129.322705,-0.433340073,1016.678772,1,4
1461,2018.11.17 18:49,51.17899435,36.0110454,129.3227031,-0.3487854,1016.66864,1,4
1462,2018.11.17 18:49,51.19679977,36.01105311,129.3226859,-0.248376846,1016.655884,1,4
1463,2018.11.17 18:49,51.24955688,36.01106195,129.3226765,-0.121545792,1016.640747,1,4
1464,2018.11.17 18:49,51.28921293,36.01107208,129.3226675,0.047561646,1016.620483,1,4
1465,2018.11.17 18:49,51.33029859,36.01107953,129.3226384,0.340859413,1016.585114,1,4
1466,2018.11.17 18:49,51.42746135,36.01108688,129.3226161,0.734565735,1016.53772,1,4
1467,2018.11.17 18:49,51.51515309,36.01109976,129.3225971,0.998796463,1016.505798,1,4
1468,2018.11.17 18:49,51.6072467,36.01111472,129.3225942,1.236606598,1016.477356,1,4
1469,2018.11.17 18:49,51.64959357,36.01111504,129.3225868,1.458560944,1016.4505,1,4
1470,2018.11.17 18:49,51.67806685,36.0111168,129.3225796,1.590677261,1016.434448,1,4
1473,2018.11.17 18:49,51.65721759,36.01111119,129.3225841,1.669946671,1016.425171,1,4
1474,2018.11.17 18:49,51.68740545,36.0111178,129.3225732,1.648807526,1016.427551,1,4
1475,2018.11.17 18:49,51.72590321,36.01112261,129.3225702,1.648807526,1016.427612,1,4
1476,2018.11.17 18:49,51.73937289,36.01112408,129.3225632,1.648807526,1016.427612,1,4
1477,2018.11.17 18:49,51.76328303,36.01112386,129.3225581,1.654092789,1016.427063,1,4
1478,2018.11.17 18:49,51.78244193,36.01112447,129.3225447,1.659377098,1016.426178,1,4
1479,2018.11.17 18:49,51.82758902,36.01113102,129.3225291,1.685800552,1016.423096,1,4
1480,2018.11.17 18:49,51.88268204,36.01114356,129.3225183,1.691085815,1016.422241,1,4
1481,2018.11.17 18:49,51.92329952,36.01114356,129.322509,1.691085815,1016.422241,1,4
1482,2018.11.17 18:49,51.95750501,36.01114565,129.3225012,1.685800552,1016.422974,1,4
1483,2018.11.17 18:49,51.98600872,36.0111587,129.3224869,1.669946671,1016.424866,1,4
1484,2018.11.17 18:49,52.03522826,36.01116746,129.3224655,1.648807526,1016.427673,1,4
1485,2018.11.17 18:49,52.10955634,36.01117568,129.3224672,1.648807526,1016.427673,1,4
1486,2018.11.17 18:49,52.11153718,36.01117731,129.3224625,1.64352417,1016.428284,1,4
1487,2018.11.17 18:49,52.12702686,36.01119355,129.3224574,1.627670288,1016.430359,1,4
1488,2018.11.17 18:49,52.14509652,36.01120524,129.3224531,1.595960617,1016.434265,1,4
1489,2018.11.17 18:49,52.16076,36.0112214,129.3224436,1.57482338,1016.436523,1,4
1490,2018.11.17 18:49,52.19319106,36.01123132,129.3224395,1.53254509,1016.441345,1,4
1491,2018.11.17 18:49,52.2094873,36.0112486,129.322423,1.490268707,1016.446777,1,4
1492,2018.11.17 18:49,52.26455167,36.01125909,129.3224174,1.474414825,1016.448486,1,4
1493,2018.11.17 18:49,52.28826108,36.01127462,129.3223997,1.49555397,1016.445801,1,4
1494,2018.11.17 18:49,52.34804246,36.01128871,129.3223901,1.53254509,1016.441895,1,4
1495,2018.11.17 18:49,52.38507757,36.01129453,129.3223752,1.569538116,1016.436829,1,4
1496,2018.11.17 18:49,52.4369424,36.01129436,129.3223513,1.64352417,1016.428467,1,4
1497,2018.11.17 18:49,52.51980908,36.01129552,129.322345,1.738647461,1016.417114,1,4
1498,2018.11.17 18:49,52.54846166,36.01130498,129.3223241,1.786209106,1016.411377,1,4
1499,2018.11.17 18:49,52.61905763,36.01132186,129.3223179,1.833770752,1016.405396,1,4
1500,2018.11.17 18:49,52.64605055,36.01133757,129.3223071,1.865478516,1016.401306,1,4
1501,2018.11.17 18:49,52.68376876,36.01134122,129.3222888,1.897186279,1016.39801,1,4
1502,2018.11.17 18:49,52.74701095,36.01134519,129.322283,1.897186279,1016.397644,1,4
1503,2018.11.17 18:49,52.77198446,36.01135664,129.3222713,1.902471542,1016.397339,1,4
1504,2018.11.17 18:49,52.81237777,36.01137207,129.3222632,1.913040161,1016.395813,1,4
1505,2018.11.17 18:49,52.84271563,36.01138029,129.3222553,1.913040161,1016.395813,1,4
1506,2018.11.17 18:49,52.87140249,36.01138514,129.3222435,1.918325424,1016.395203,1,4
1507,2018.11.17 18:49,52.91231134,36.01138692,129.322244,1.939462662,1016.392456,1,4
1508,2018.11.17 18:49,52.91493967,36.01139573,129.322243,1.99230957,1016.386475,1,4
1509,2018.11.17 18:49,52.94053285,36.01141067,129.3222297,2.076864243,1016.376099,1,4
1510,2018.11.17 18:49,53.03463575,36.01142244,129.3222265,2.203695297,1016.360962,1,4
1511,2018.11.17 18:49,53.09264681,36.01143689,129.3222073,2.378087997,1016.340088,1,4
1512,2018.11.17 18:49,53.20739796,36.01144503,129.3221837,2.584188461,1016.315063,1,4
1513,2018.11.17 18:49,53.32153344,36.01145996,129.3221653,2.785005569,1016.290771,1,4
1514,2018.11.17 18:49,53.44122412,36.01147623,129.3221625,2.996391296,1016.265503,1,4
1515,2018.11.17 18:49,53.51487456,36.01149646,129.322146,3.20249176,1016.24054,1,4
1516,2018.11.17 18:50,53.6411666,36.01151403,129.3221389,3.387454987,1016.21814,1,4
1517,2018.11.17 18:50,53.73382434,36.01152731,129.3221214,3.56713295,1016.196899,1,4
1518,2018.11.17 18:50,53.84285284,36.01153792,129.3221215,3.828722,1016.164978,1,4
1519,2018.11.17 18:50,53.88786824,36.01155057,129.3221104,4.06388855,1016.136536,1,4
1520,2018.11.17 18:50,53.96907495,36.01156091,129.3221145,4.201288223,1016.120483,1,4
1521,2018.11.17 18:50,53.9973418,36.01156865,129.3221114,4.312265396,1016.106689,1,4
1522,2018.11.17 18:50,54.03557879,36.01158565,129.3221158,4.38625145,1016.098267,1,4
1523,2018.11.17 18:50,54.0801137,36.01159692,129.3221006,4.423244476,1016.093201,1,4
1524,2018.11.17 18:50,54.17042535,36.01160821,129.322089,4.460235596,1016.089417,1,4
1525,2018.11.17 18:50,54.25338077,36.01161141,129.3220873,4.460235596,1016.089417,1,4
1527,2018.11.17 18:50,54.23300551,36.01162009,129.3220999,4.359827042,1016.101379,1,4
1528,2018.11.17 18:50,54.26298962,36.01162393,129.3220986,4.30698204,1016.107788,1,4
1530,2018.11.17 18:50,54.27761614,36.01163946,129.3221091,4.23828125,1016.115784,1,4
1531,2018.11.17 18:50,54.3002174,36.01164707,129.3221086,4.23828125,1016.115784,1,4
1532,2018.11.17 18:50,54.32900264,36.01164697,129.3221017,4.256777764,1016.113739,1,4
1533,2018.11.17 18:50,54.35395682,36.01165738,129.3220901,4.264703751,1016.112976,1,4
1534,2018.11.17 18:50,54.42765051,36.01166751,129.3220839,4.269989014,1016.111938,1,4
1535,2018.11.17 18:50,54.4852892,36.0116772,129.3220771,4.269989014,1016.111938,1,4
1665,2018.11.17 18:52,59.92339023,36.01274959,129.3210045,10.47415543,1015.365234,1,3
1666,2018.11.17 18:52,59.93030918,36.01277012,129.3210234,10.57984924,1015.352753,1,3
1667,2018.11.17 18:52,59.97028407,36.01278795,129.3210339,10.64854813,1015.34436,1,3
1668,2018.11.17 18:52,60.00041529,36.01280315,129.3210431,10.65383339,1015.343872,1,3
1669,2018.11.17 18:52,60.01440787,36.01281199,129.3210424,10.65383339,1015.343872,1,3
1670,2018.11.17 18:52,60.0230993,36.01281932,129.3210529,10.64326477,1015.344849,1,3
1672,2018.11.17 18:52,60.02420368,36.01282365,129.3210587,10.64326477,1015.344849,1,3
1673,2018.11.17 18:52,60.02469686,36.01282523,129.3210577,10.64326477,1015.345093,1,3
1674,2018.11.17 18:52,60.0262568,36.01282534,129.321055,10.61155701,1015.348755,1,3
1675,2018.11.17 18:52,60.02798522,36.01282588,129.3210531,10.53757095,1015.35791,1,3
1676,2018.11.17 18:52,60.02955881,36.01282614,129.3210527,10.41602516,1015.37207,1,3
1680,2018.11.17 18:52,60.02550333,36.01285123,129.3210765,10.06723785,1015.414368,1,3
1695,2018.11.17 18:52,59.64236411,36.01302098,129.3212162,10.46887207,1015.366089,1,3
1696,2018.11.17 18:53,59.68500361,36.01303755,129.3211963,0,1015.386841,1,3
1707,2018.11.17 18:53,59.43910994,36.01307166,129.3212507,-0.073984146,1015.39563,1,3
1708,2018.11.17 18:53,59.4595049,36.01307849,129.3212455,-0.063415527,1015.394348,1,3
1709,2018.11.17 18:53,59.46867178,36.013084,129.3212369,-0.031707764,1015.390656,1,3
1710,2018.11.17 18:53,59.49197998,36.013088,129.3212268,0.036993027,1015.382568,1,3
1712,2018.11.17 18:53,59.52419461,36.01309936,129.3212154,0.047561646,1015.380859,1,3
1713,2018.11.17 18:53,59.5556156,36.01310451,129.3212032,0.04227829,1015.381409,1,3
1714,2018.11.17 18:53,59.59872734,36.01311175,129.3211874,0.021139145,1015.384399,1,3
1715,2018.11.17 18:53,59.65678912,36.01311552,129.3211865,-0.010568619,1015.388062,1,3
1716,2018.11.17 18:53,59.66311715,36.01311736,129.3211756,-0.010568619,1015.388062,1,3
1717,2018.11.17 18:53,59.70529201,36.01312659,129.3211656,-0.010568619,1015.388062,1,3
1718,2018.11.17 18:53,59.7429972,36.0131407,129.3211632,-0.026422501,1015.390076,1,3
1719,2018.11.17 18:53,59.74807921,36.01314424,129.3211596,-0.026422501,1015.390076,1,3
1720,2018.11.17 18:53,59.76194953,36.01315413,129.321156,-0.031707764,1015.390381,1,3
1721,2018.11.17 18:53,59.77329979,36.01315964,129.3211457,-0.047561646,1015.392334,1,3
1722,2018.11.17 18:53,59.81748062,36.01315866,129.3211372,-0.044919014,1015.392151,1,3
1723,2018.11.17 18:53,59.86019979,36.01316241,129.3211368,-0.026422501,1015.390259,1,3
1726,2018.11.17 18:53,59.7655893,36.01319663,129.3211368,0.184963226,1015.36438,1,3
1728,2018.11.17 18:53,59.81115868,36.01320366,129.3211332,0.428056717,1015.335022,1,3
1733,2018.11.17 18:53,59.7122499,36.01326666,129.3211546,0.687004089,1015.30426,1,3
1740,2018.11.17 18:53,59.36015078,36.01336236,129.3212007,0.613018036,1015.312866,1,3
1741,2018.11.17 18:53,59.44348597,36.01338223,129.3212114,0.602449417,1015.313965,1,3
1742,2018.11.17 18:53,59.44707477,36.01339849,129.3212044,0.602449417,1015.313965,1,3
1744,2018.11.17 18:53,59.52381216,36.01343154,129.3212241,0.586595535,1015.31604,1,3
1749,2018.11.17 18:54,59.4426907,36.01349748,129.3212688,0.650011063,1015.308533,1,3
1752,2018.11.17 18:54,59.41033626,36.01353596,129.3212925,0.734565735,1015.298584,1,3
1756,2018.11.17 18:54,59.23183617,36.01357067,129.3213299,0.824403763,1015.287476,1,3
1758,2018.11.17 18:54,59.25344436,36.01359697,129.3213457,0.898389816,1015.278992,1,3
1785,2018.11.17 18:54,56.40052398,36.01382707,129.3215377,0.359355927,1015.343262,1,3
1790,2018.11.17 18:54,56.0255892,36.01387825,129.3215462,0.211385727,1015.361572,1,3
1800,2018.11.17 18:54,55.04678208,36.01394122,129.3215881,0.095123291,1015.375244,1,3
1803,2018.11.17 18:54,55.02305317,36.01398336,129.3215772,-0.095123291,1015.398071,1,3
1804,2018.11.17 18:54,55.0315238,36.01399294,129.3215722,-0.163822174,1015.406372,1,3
1809,2018.11.17 18:55,54.76477847,36.01403965,129.3215656,-0.454479218,1015.441833,1,3
1811,2018.11.17 18:55,54.84626013,36.0140638,129.3215623,-0.597164154,1015.458679,1,3
1812,2018.11.17 18:55,54.8494135,36.0140774,129.321557,-0.6447258,1015.464233,1,3
1814,2018.11.17 18:55,54.849599,36.01409797,129.3215471,-0.755702972,1015.477417,1,3
1815,2018.11.17 18:55,54.95332786,36.01411203,129.3215363,-0.877249718,1015.492401,1,3
1818,2018.11.17 18:55,54.96688577,36.01415626,129.3215262,-1.379289627,1015.552917,1,3
1819,2018.11.17 18:55,55.07248909,36.01416753,129.3215202,-1.553684235,1015.573792,1,3
1820,2018.11.17 18:55,55.14280132,36.01416877,129.321515,-1.765068054,1015.59906,1,3
1821,2018.11.17 18:55,55.2430584,36.01416955,129.3215104,-1.960599899,1015.623047,1,3
1824,2018.11.17 18:55,55.00250162,36.01419659,129.3215146,-2.462640762,1015.68335,1,3
1826,2018.11.17 18:55,55.03031964,36.01421246,129.3215027,-2.711019516,1015.713196,1,3
1827,2018.11.17 18:55,55.16175866,36.0142252,129.3214948,-2.821996689,1015.726624,1,3
1828,2018.11.17 18:55,55.22687476,36.0142369,129.3214881,-2.996390343,1015.747498,1,3
1829,2018.11.17 18:55,55.26866621,36.01424441,129.3214839,-3.170782089,1015.768372,1,3
1836,2018.11.17 18:55,54.7229463,36.01434789,129.3214643,-4.048032761,1015.874329,1,3
1848,2018.11.17 18:55,53.14911138,36.01448953,129.3214722,-5.749687195,1016.079163,1,3
1849,2018.11.17 18:55,53.1887509,36.01449625,129.3214631,-5.871232986,1016.093262,1,3
1850,2018.11.17 18:55,53.22456147,36.01450406,129.3214504,-5.982212067,1016.106689,1,3
1851,2018.11.17 18:55,53.28992002,36.01450827,129.3214416,-6.103757858,1016.121338,1,3
1852,2018.11.17 18:55,53.35226642,36.01451401,129.3214287,-6.204166412,1016.133911,1,3
1854,2018.11.17 18:55,53.38743218,36.01452217,129.3214188,-6.502747536,1016.169556,1,3
1855,2018.11.17 18:55,53.46539212,36.01452005,129.3214091,-6.61636734,1016.18335,1,3
1856,2018.11.17 18:55,53.61686182,36.01451507,129.3214013,-6.642791748,1016.186035,1,3
1857,2018.11.17 18:55,53.79055524,36.01451161,129.3213938,-6.642791748,1016.186035,1,3
1858,2018.11.17 18:55,53.94328988,36.0145051,129.3213865,-6.558237076,1016.176453,1,3
1859,2018.11.17 18:55,54.12552806,36.01450726,129.3213825,-6.447259903,1016.162659,1,3
1860,2018.11.17 18:55,54.15441548,36.01450253,129.3213806,-6.235874176,1016.137756,1,3
1861,2018.11.17 18:55,54.23727783,36.01450102,129.3213801,-5.971641541,1016.105713,1,3
1862,2018.11.17 18:55,54.26981638,36.01448611,129.3213809,-5.744401932,1016.078369,1,3
1863,2018.11.17 18:55,54.45892458,36.01448866,129.3213747,-5.490739822,1016.047607,1,3
1864,2018.11.17 18:55,54.50478623,36.01448284,129.321375,-5.247646332,1016.018616,1,3
1865,2018.11.17 18:55,54.58236968,36.01447922,129.3213695,-5.046829224,1015.994019,1,3
1866,2018.11.17 18:55,54.69030274,36.01447652,129.321372,-4.84072876,1015.969604,1,3
1867,2018.11.17 18:56,54.71146439,36.01446936,129.3213785,-4.613489151,1015.942322,1,3
1868,2018.11.17 18:56,54.74391656,36.01446817,129.3213762,-4.309622765,1015.90567,1,3
1869,2018.11.17 18:56,54.78427496,36.01446636,129.3213743,-3.974048615,1015.865356,1,3
1870,2018.11.17 18:56,54.8307249,36.01446424,129.3213736,-3.741523743,1015.837036,1,3
1871,2018.11.17 18:56,54.86950304,36.0144627,129.3213712,-3.535423279,1015.812256,1,3
1872,2018.11.17 18:56,54.91626873,36.01446137,129.3213713,-3.318752289,1015.786011,1,3
1873,2018.11.17 18:56,54.93763079,36.01445987,129.3213728,-3.117937088,1015.762268,1,3
1874,2018.11.17 18:56,54.94483444,36.0144585,129.3213722,-2.975252151,1015.744934,1,3
1875,2018.11.17 18:56,54.96922347,36.01445592,129.3213715,-2.843135834,1015.729248,1,3
1876,2018.11.17 18:56,55.01137795,36.01445435,129.3213719,-2.700450897,1015.71167,1,3
1877,2018.11.17 18:56,55.03238188,36.01445339,129.3213724,-2.557764053,1015.694702,1,3
1878,2018.11.17 18:56,55.04130753,36.01445083,129.3213692,-2.404510498,1015.676208,1,3
1879,2018.11.17 18:56,55.10668298,36.01444952,129.3213678,-2.208978653,1015.652344,1,3
1880,2018.11.17 18:56,55.14387924,36.01444613,129.3213653,-2.024015427,1015.630432,1,3
1881,2018.11.17 18:56,55.21627029,36.01444283,129.3213615,-1.743930817,1015.596527,1,3
1882,2018.11.17 18:56,55.29678133,36.01443859,129.3213576,-1.474412918,1015.564087,1,3
1883,2018.11.17 18:56,55.38320616,36.01443496,129.321356,-1.300020218,1015.543152,1,3
1884,2018.11.17 18:56,55.44084766,36.0144329,129.3213553,-1.130912781,1015.522949,1,3
1885,2018.11.17 18:56,55.47202456,36.0144325,129.321355,-0.935380936,1015.499329,1,3
1886,2018.11.17 18:56,55.48189198,36.01443105,129.3213541,-0.755702972,1015.478027,1,3
1887,2018.11.17 18:56,55.50581268,36.01442936,129.3213544,-0.549602509,1015.452942,1,3
1888,2018.11.17 18:56,55.52077036,36.01442616,129.3213534,-0.301223755,1015.423218,1,3
1889,2018.11.17 18:56,55.56174825,36.01442633,129.321353,-0.052845001,1015.392944,1,3
1890,2018.11.17 18:56,55.56732919,36.01442542,129.3213528,0.206102371,1015.362183,1,3
1891,2018.11.17 18:56,55.57891481,36.01442404,129.3213521,0.385780334,1015.340454,1,3
1892,2018.11.17 18:56,55.59925138,36.0144089,129.3213461,0.528465271,1015.32312,1,3
1893,2018.11.17 18:56,55.79786478,36.01438514,129.3213424,0.613018036,1015.312866,1,3
1894,2018.11.17 18:56,56.06995162,36.0143686,129.3213427,0.613018036,1015.312927,1,3
1895,2018.11.17 18:56,56.24651256,36.01435326,129.321346,0.602449417,1015.313965,1,3
1896,2018.11.17 18:56,56.37605754,36.0143381,129.3213509,0.602449417,1015.314331,1,3
1897,2018.11.17 18:56,56.48767614,36.01432709,129.3213463,0.602449417,1015.314331,1,3
1898,2018.11.17 18:56,56.63965526,36.01431531,129.3213469,0.602449417,1015.314209,1,3
1899,2018.11.17 18:56,56.75812465,36.01430358,129.3213481,0.613018036,1015.312866,1,3
1900,2018.11.17 18:56,56.86859449,36.01428054,129.3213467,0.618303299,1015.312195,1,3
1902,2018.11.17 18:56,57.09755311,36.0142596,129.3213561,0.634157181,1015.310364,1,3
1903,2018.11.17 18:56,57.24897746,36.01424323,129.3213546,0.671150208,1015.305847,1,3
1904,2018.11.17 18:56,57.42800157,36.01422704,129.3213528,0.681718826,1015.305176,1,3
1905,2018.11.17 18:56,57.6097376,36.01421663,129.3213461,0.681718826,1015.305176,1,3
2657,2018.11.17 19:09,46.60792152,36.01481207,129.3215619,-21.50848389,1017.457336,1,4
2658,2018.11.17 19:09,46.76461925,36.01480842,129.3215632,-21.33937454,1017.436768,1,4
2659,2018.11.17 19:09,46.85046419,36.01480452,129.3215622,-21.05664444,1017.402893,1,4
2660,2018.11.17 19:09,46.96208671,36.01479488,129.3215724,-20.80562592,1017.372559,1,4
2661,2018.11.17 19:09,47.08363409,36.01479042,129.3215606,-20.59952545,1017.347778,1,4
2662,2018.11.17 19:09,47.33490626,36.0147812,129.3215607,-20.41984558,1017.325928,1,4
2663,2018.11.17 19:09,47.57487113,36.01477219,129.3215658,-20.229599,1017.302917,1,4
2665,2018.11.17 19:09,47.74599978,36.01477623,129.3215549,-19.71699143,1017.241577,1,4
2666,2018.11.17 19:09,47.79653391,36.01477489,129.3215539,-19.52674103,1017.218079,1,4
2667,2018.11.17 19:09,47.84310878,36.01477522,129.3215527,-19.34178162,1017.196289,1,4
2669,2018.11.17 19:09,47.83938596,36.01477213,129.3215522,-19.05112457,1017.16095,1,4
2670,2018.11.17 19:09,47.93003864,36.01476485,129.3215529,-18.92429352,1017.145691,1,4
2671,2018.11.17 19:09,48.10136511,36.0147613,129.3215515,-18.73404694,1017.123108,1,4
2672,2018.11.17 19:09,48.21576109,36.01475529,129.3215493,-18.4169693,1017.084564,1,4
2673,2018.11.17 19:09,48.38959922,36.0147527,129.3215493,-18.01533508,1017.036011,1,4
2674,2018.11.17 19:09,48.46755203,36.01475244,129.3215486,-17.71411133,1017.000061,1,4
2676,2018.11.17 19:09,48.48811361,36.01475206,129.3215443,-17.22792435,1016.941467,1,4
2677,2018.11.17 19:09,48.54402182,36.01475095,129.3215446,-17.06938553,1016.922485,1,4
2678,2018.11.17 19:09,48.57293112,36.01474742,129.3215434,-16.91613007,1016.903748,1,4
2679,2018.11.17 19:09,48.66852606,36.01474367,129.3215448,-16.75759125,1016.885071,1,4
2680,2018.11.17 19:09,48.75108284,36.01474139,129.3215429,-16.60962296,1016.866699,1,4
2681,2018.11.17 19:10,48.83143629,36.01473337,129.3215432,-16.41937637,1016.843628,1,4
2682,2018.11.17 19:10,49.02070486,36.01473146,129.3215481,-16.21327591,1016.81897,1,4
2683,2018.11.17 19:10,49.03483206,36.01473057,129.3215466,-16.01774216,1016.795593,1,4
2684,2018.11.17 19:10,49.07139416,36.01472937,129.3215493,-15.85920429,1016.776794,1,4
2685,2018.11.17 19:10,49.07684252,36.01472674,129.321547,-15.63989067,1016.75,1,4
2686,2018.11.17 19:10,49.16097958,36.01471814,129.3215443,-15.41000843,1016.722656,1,4
2687,2018.11.17 19:10,49.34538739,36.01471611,129.3215437,-15.22504711,1016.699829,1,4
2688,2018.11.17 19:10,49.39188451,36.01471393,129.3215425,-14.98195362,1016.670471,1,4
2689,2018.11.17 19:10,49.43267238,36.014709,129.3215426,-14.74414539,1016.642334,1,4
2690,2018.11.17 19:10,49.49093436,36.01470563,129.3215426,-14.50633526,1016.61322,1,4
2691,2018.11.17 19:10,49.53484878,36.01470233,129.3215402,-14.27381229,1016.585327,1,4
2692,2018.11.17 19:10,49.59939037,36.01470181,129.3215404,-14.07828045,1016.562195,1,4
2693,2018.11.17 19:10,49.6102528,36.01470012,129.3215398,-13.9091711,1016.541748,1,4
2694,2018.11.17 19:10,49.63549523,36.0146927,129.321543,-13.75063229,1016.522339,1,4
2695,2018.11.17 19:10,49.68935309,36.0146799,129.3215369,-13.59209347,1016.503357,1,4
2696,2018.11.17 19:10,49.90012828,36.01467202,129.3215411,-13.45469189,1016.486572,1,4
2697,2018.11.17 19:10,49.96613988,36.01466357,129.3215336,-13.34371471,1016.473694,1,4
2698,2018.11.17 19:10,50.14503413,36.01466296,129.3215225,-13.26180363,1016.463715,1,4
2699,2018.11.17 19:10,50.28584684,36.01465084,129.3215131,-13.25387669,1016.462646,1,4
2700,2018.11.17 19:10,50.53755552,36.01464147,129.3215009,-13.24330616,1016.461487,1,4
2701,2018.11.17 19:10,50.80012034,36.01462871,129.3214937,-13.22216892,1016.458862,1,4
2702,2018.11.17 19:10,51.05272951,36.01463454,129.3214895,-13.17989063,1016.453979,1,4
2703,2018.11.17 19:10,51.054926,36.01463934,129.321479,-13.11647511,1016.446289,1,4
2704,2018.11.17 19:10,51.11066781,36.01463023,129.3214775,-13.04249096,1016.437073,1,4
2705,2018.11.17 19:10,51.2415136,36.0146178,129.3214841,-12.96322155,1016.427979,1,4
2706,2018.11.17 19:10,51.33058923,36.01461124,129.3214675,-12.8892355,1016.418701,1,4
2707,2018.11.17 19:10,51.59940585,36.01460059,129.3214698,-12.80468273,1016.408569,1,4
2708,2018.11.17 19:10,51.72881056,36.01459215,129.3214674,-12.72012806,1016.398438,1,4
2709,2018.11.17 19:10,51.87005761,36.01457975,129.321461,-12.62500477,1016.387085,1,4
2710,2018.11.17 19:10,52.10654559,36.01457541,129.3214533,-12.5404501,1016.376892,1,4
2711,2018.11.17 19:10,52.27110092,36.01455787,129.3214505,-12.3924799,1016.358887,1,4
3597,2018.11.17 19:26,37.90989445,36.01267968,129.3235515,3.820793152,1017.334106,1,1
3598,2018.11.17 19:26,37.98265529,36.01268559,129.3235485,4.066530228,1017.304718,1,1
3599,2018.11.17 19:26,37.99932811,36.01268966,129.3235416,4.285842896,1017.278564,1,1