,date,altitude,latitude,longitude,relativeAltitude,pressure,isStair,value
68,2018-11-14 11:24:24,34.65217721520957,36.015999394574756,129.3224919713678,4.005756378,1020.758422852,1.0,1.0
69,2018-11-14 11:24:25,34.62917169338375,36.01598648724644,129.32248386899644,4.02161026,1020.756774902,1.0,1.0
70,2018-11-14 11:24:26,34.611304887539056,36.01598301983418,129.32247871089518,4.037464142,1020.754943848,1.0,1.0
71,2018-11-14 11:24:27,34.614994204879395,36.01597748282039,129.32247026132472,4.079742432,1020.749450684,1.0,1.0
288,2018-11-14 11:40:24,43.186567098397205,36.0148699739849,129.32169692562428,4.3122673030000005,1019.847045898,1.0,7.0
289,2018-11-14 11:40:25,43.246138933350466,36.01486704716432,129.3216958937304,4.518367767,1019.822021484,1.0,7.0
290,2018-11-14 11:40:26,43.344106614892674,36.014853855577606,129.32170057301664,4.735038757,1019.795837402,1.0,7.0
291,2018-11-14 11:40:27,43.63249606493165,36.01484164869385,129.3216905410651,4.941139221,1019.7707519530001,1.0,7.0
292,2018-11-14 11:40:28,44.12655794084375,36.01483923114203,129.3216877852624,5.173664093,1019.743103027,1.0,7.0
293,2018-11-14 11:40:29,44.27877556031973,36.014831927850686,129.32168926743677,5.400901794,1019.7156982419999,1.0,7.0
294,2018-11-14 11:40:30,44.46399015063646,36.01483168361532,129.3216869834148,5.728549957,1019.675720215,1.0,7.0
295,2018-11-14 11:40:31,44.52142381059589,36.01482979672065,129.32168725511718,6.061481476,1019.6359863280001,1.0,7.0
296,2018-11-14 11:40:32,44.572657441484395,36.014817850457604,129.3216858486922,6.267585754,1019.6108398439999,1.0,7.0
297,2018-11-14 11:40:33,44.91009663098926,36.01482292133718,129.3216818248357,6.473686217999999,1019.586181641,1.0,7.0
298,2018-11-14 11:40:34,44.868144749158496,36.014815586897114,129.3216775476163,6.674499512000001,1019.5614013669999,1.0,7.0
299,2018-11-14 11:40:35,45.115447211121904,36.014815344392986,129.32166273354505,6.885887146,1019.5362548830001,1.0,7.0
300,2018-11-14 11:40:36,45.34610244511122,36.01481146281218,129.3216624580628,7.09198761,1019.5114135739999,1.0,7.0
301,2018-11-14 11:40:37,45.47267291235779,36.01480881733129,129.32165701909358,7.298088074,1019.486083984,1.0,7.0
302,2018-11-14 11:40:38,45.61749548642621,36.014809245466864,129.32165431942877,7.52532959,1019.458740234,1.0,7.0
303,2018-11-14 11:40:39,45.652693838803756,36.01480541100891,129.32165379456688,7.736713409,1019.43347168,1.0,7.0
304,2018-11-14 11:40:40,45.76062498995948,36.014801751589616,129.32164270472526,7.9428138729999995,1019.40826416,1.0,7.0
305,2018-11-14 11:40:41,45.99353419394224,36.01479114585712,129.32163394640446,8.138347626,1019.38470459,1.0,7.0
306,2018-11-14 11:40:42,46.38501130208465,36.0147828545555,129.32163100467378,8.34444809,1019.3601074219999,1.0,7.0
307,2018-11-14 11:40:43,46.66549430952976,36.01478002228809,129.32162941304406,8.550548552999999,1019.335327148,1.0,7.0
308,2018-11-14 11:40:44,46.782216011153174,36.014774582131885,129.32162408528518,8.767219543,1019.309143066,1.0,7.0
309,2018-11-14 11:40:45,46.98846291886434,36.01477127708023,129.32161233934602,9.094867706,1019.2695007325,1.0,7.0
310,2018-11-14 11:40:46,47.219084405289756,36.014768609014226,129.32161508505556,9.433082581,1019.228881836,1.0,7.0
311,2018-11-14 11:40:47,47.27826410764324,36.01476450050739,129.32160430899222,9.644470215,1019.203186035,1.0,7.0
312,2018-11-14 11:40:48,47.50110026025162,36.01476197061012,129.3216023171247,9.871707916,1019.175537109,1.0,7.0
313,2018-11-14 11:40:49,47.60648858132302,36.01475743109131,129.3216030139721,10.125370026,1019.1453857419999,1.0,7.0
314,2018-11-14 11:40:50,47.72053235727783,36.014754716340434,129.32160270658986,10.384319305,1019.113647461,1.0,7.0
315,2018-11-14 11:40:51,47.80148705835961,36.01474544495656,129.3216020729543,10.632698058999999,1019.083740234,1.0,7.0
316,2018-11-14 11:40:52,48.042568215723655,36.01474410681197,129.32160289833294,10.912780762,1019.0499267580001,1.0,7.0
317,2018-11-14 11:40:53,48.09090118497568,36.0147392041921,129.321602597528,11.187583923,1019.017211914,1.0,7.0
318,2018-11-14 11:40:54,48.2185616303384,36.01473840106252,129.32160032325086,11.430675507,1018.987365723,1.0,7.0
319,2018-11-14 11:40:55,48.27390656281412,36.014736789004246,129.32159730654948,11.684341430999998,1018.956787109,1.0,7.0
320,2018-11-14 11:40:56,48.34908064346402,36.014719365851235,129.3216090199454,11.922149658,1018.9284667969999,1.0,7.0
321,2018-11-14 11:40:57,48.6264291367341,36.01470411775493,129.32160419537348,12.080688477,1018.9090576169999,1.0,7.0
322,2018-11-14 11:40:58,48.86054215988924,36.01469317267097,129.32160646151635,12.207519530999999,1018.8941040039999,1.0,7.0
323,2018-11-14 11:40:59,48.97551764067154,36.01468988958431,129.32159440553852,12.321138382000001,1018.8801269535,1.0,7.0
324,2018-11-14 11:41:00,49.142966116484146,36.014670639601874,129.32159302051542,12.376628876,1018.873291016,1.0,7.0
325,2018-11-14 11:41:01,49.3773363913115,36.01465862993601,129.32158373269218,12.450611115,1018.864624023,1.0,7.0
326,2018-11-14 11:41:02,49.62499064291534,36.01464485345993,129.32156657826212,12.49817276,1018.8586425780001,1.0,7.0
327,2018-11-14 11:41:03,49.97921544917922,36.014634518523714,129.32156065283795,12.556304932,1018.85168457,1.0,7.0
328,2018-11-14 11:41:04,50.190817434200156,36.01462578204301,129.3215548996308,12.625003815,1018.843139648,1.0,7.0
329,2018-11-14 11:41:05,50.37009149378622,36.01462394513563,129.3215439891877,12.71484375,1018.8323364260001,1.0,7.0
330,2018-11-14 11:41:06,50.52682428914911,36.014617041659434,129.3215414155738,12.794113159,1018.822875977,1.0,7.0
331,2018-11-14 11:41:07,50.647650461751844,36.01460577547435,129.32153276253314,12.910377502000001,1018.809204102,1.0,7.0
332,2018-11-14 11:41:08,50.881560776766,36.014597385158936,129.32152795740973,13.005500793,1018.7973632810001,1.0,7.0
333,2018-11-14 11:41:09,51.053308436685384,36.014587450743214,129.32153068488725,13.121761322000001,1018.7835083010001,1.0,7.0
334,2018-11-14 11:41:10,51.152324480753485,36.01458334857287,129.3215215387705,13.238021851,1018.76953125,1.0,7.0
335,2018-11-14 11:41:11,51.312319926713066,36.014568371454175,129.32151463356544,13.35956955,1018.7550048830001,1.0,7.0
336,2018-11-14 11:41:12,51.578759687373456,36.014561387671776,129.32150827157452,13.475833892999999,1018.7410888669999,1.0,7.0
337,2018-11-14 11:41:13,51.75943885020706,36.014542752210396,129.32151324258874,13.607948302999999,1018.7250976560001,1.0,7.0
338,2018-11-14 11:41:14,51.93435033338497,36.014536655078416,129.32150985304023,13.827260971,1018.6981201169999,1.0,7.0
339,2018-11-14 11:41:15,52.06230214454456,36.01451689886386,129.3215040847217,14.083564758,1018.667724609,1.0,7.0
340,2018-11-14 11:41:16,52.3731426747816,36.014499547763464,129.32150205895974,14.263244629,1018.645690918,1.0,7.0
341,2018-11-14 11:41:17,52.6307373479225,36.014492110172675,129.32150463534046,14.448207855,1018.62310791,1.0,7.0
342,2018-11-14 11:41:18,52.711112598928004,36.014479303502966,129.32150979556144,14.601459503,1018.604675293,1.0,7.0
343,2018-11-14 11:41:19,52.80305820508322,36.01447257301429,129.32150560567092,14.759998322000001,1018.5855102539999,1.0,7.0
344,2018-11-14 11:41:20,52.942914539380396,36.014461842014626,129.32150128365043,14.92382431,1018.566162109,1.0,7.0
345,2018-11-14 11:41:21,53.13649917183354,36.01445120488181,129.3214984811667,15.061225891,1018.5496826169999,1.0,7.0
346,2018-11-14 11:41:22,53.315866637764394,36.01444152458164,129.32150458905025,15.198623657,1018.5327148439999,1.0,7.0
347,2018-11-14 11:41:23,53.35412122493368,36.01442951943191,129.32150207061025,15.346595764000002,1018.515075684,1.0,7.0
348,2018-11-14 11:41:24,53.475747586970904,36.014422912231154,129.32150589308324,15.473426819,1018.499450684,1.0,7.0
349,2018-11-14 11:41:25,53.483234167266424,36.01441630145744,129.32149730800091,15.600257874,1018.48449707,1.0,7.0
350,2018-11-14 11:41:26,53.64708859922175,36.01441693305815,129.32148354022192,15.748226165999998,1018.466796875,1.0,7.0
351,2018-11-14 11:41:27,53.84620414495634,36.01440784021089,129.3214804842602,15.901481627999999,1018.448181152,1.0,7.0
352,2018-11-14 11:41:28,53.97663129401224,36.01440653888329,129.32147319446761,16.044166565,1018.430664062,1.0,7.0
353,2018-11-14 11:41:29,54.100464261603356,36.014399299341626,129.32146823659878,16.2581939695,1018.4051513675,1.0,7.0
354,2018-11-14 11:41:30,54.23845562110662,36.01439571010899,129.3214641056493,16.445800781,1018.382446289,1.0,7.0
355,2018-11-14 11:41:31,54.338730892310856,36.014394262648636,129.3214556995108,16.540924072,1018.370849609,1.0,7.0
356,2018-11-14 11:41:32,54.47907000390394,36.01438325098978,129.3214476300994,16.651901245,1018.35760498,1.0,7.0
357,2018-11-14 11:41:33,54.69907696804177,36.01437008448897,129.32145527316092,16.773448944000002,1018.343200684,1.0,7.0
358,2018-11-14 11:41:34,54.71870187099852,36.014356632804656,129.32144925529414,16.879138947,1018.33001709,1.0,7.0
359,2018-11-14 11:41:35,54.92090392428246,36.014340527943624,129.32144550396652,17.000686646,1018.315734863,1.0,7.0
360,2018-11-14 11:41:36,55.13269135983547,36.014324640730095,129.3214425879315,17.111663818,1018.301940918,1.0,7.0
361,2018-11-14 11:41:37,55.33325624230679,36.01431365754545,129.32144006451728,17.222640991,1018.288879395,1.0,7.0
362,2018-11-14 11:41:38,55.48670735335666,36.01430518629625,129.32143402583876,17.34418869,1018.273986816,1.0,7.0
363,2018-11-14 11:41:39,55.67216202256712,36.014284012043056,129.32142535110748,17.481590270999998,1018.2575073239999,1.0,7.0
364,2018-11-14 11:41:40,56.01911630296472,36.01427003234794,129.32142673806885,17.624275208,1018.2406616210001,1.0,7.0
365,2018-11-14 11:41:41,56.1541855713365,36.01425515731568,129.3214207983145,17.766960144000002,1018.223266602,1.0,7.0
366,2018-11-14 11:41:42,56.40234673401354,36.01423813323372,129.32142557629902,17.909645081,1018.206115723,1.0,7.0
367,2018-11-14 11:41:43,56.49505149163865,36.014227271249474,129.32141860171959,18.1051750185,1018.182220459,1.0,7.0
368,2018-11-14 11:41:44,56.72632819298711,36.01421985231555,129.3214194383485,18.300708771,1018.1585083010001,1.0,7.0
369,2018-11-14 11:41:45,56.801201468590705,36.01420767394973,129.32141590870444,18.438110352,1018.142028809,1.0,7.0
370,2018-11-14 11:41:46,56.983618605721375,36.01419307023675,129.32141142432704,18.617786407,1018.1206665039999,1.0,7.0
371,2018-11-14 11:41:47,57.21901882773521,36.014172706370566,129.32142787298375,18.850311279,1018.092163086,1.0,7.0
372,2018-11-14 11:41:48,57.11234339583504,36.01416188425317,129.32142440697092,19.114543915,1018.060913086,1.0,7.0
373,2018-11-14 11:41:49,57.23974653135597,36.01415807620917,129.3214302863661,19.357635498,1018.0315551760001,1.0,7.0
374,2018-11-14 11:41:50,57.15269665325766,36.01414612315926,129.32144186207944,19.574306488,1018.005310059,1.0,7.0
375,2018-11-14 11:41:51,56.96623287638533,36.01413712286067,129.32144344521657,19.706420898,1017.9893798830001,1.0,7.0
376,2018-11-14 11:41:52,56.952077160319185,36.01412780762397,129.3214544256844,19.759269714000002,1017.982543945,1.0,7.0
377,2018-11-14 11:41:53,56.77828610043133,36.014116480950264,129.32146000222548,19.780406952,1017.98046875,1.0,7.0
378,2018-11-14 11:41:54,56.701120770077324,36.01410295030971,129.32146169623292,19.790977478,1017.9792480469999,1.0,7.0
379,2018-11-14 11:41:55,56.716798249493074,36.01408786022771,129.3214642208728,19.801544189,1017.977905273,1.0,7.0
380,2018-11-14 11:41:56,56.73331427013972,36.01407151966367,129.3214699294798,19.880813599,1017.9678955080001,1.0,7.0
381,2018-11-14 11:41:57,56.697626089489574,36.014063923259506,129.32147836053144,19.917808533,1017.963500977,1.0,7.0
382,2018-11-14 11:41:58,56.57205409759643,36.0140535483289,129.32149315184049,20.0499248505,1017.9479370114999,1.0,7.0
383,2018-11-14 11:41:59,56.33591138815319,36.014044491518796,129.3214872327825,20.102771759,1017.941772461,1.0,7.0
384,2018-11-14 11:42:00,56.45928732106629,36.01403131520661,129.32149663621175,20.150333405,1017.935424805,1.0,7.0
385,2018-11-14 11:42:01,56.361473241994325,36.014023181293595,129.32149257870856,20.213748932,1017.927734375,1.0,7.0
386,2018-11-14 11:42:02,56.46035348569846,36.01400851509707,129.321489269789,20.287731171,1017.9188232419999,1.0,7.0
387,2018-11-14 11:42:03,56.59372097173879,36.013995126189506,129.32148830637078,20.403995514000002,1017.905334473,1.0,7.0
388,2018-11-14 11:42:04,56.68291831604596,36.013984821696674,129.32149024069332,20.477981567,1017.8961791989999,1.0,7.0
389,2018-11-14 11:42:05,56.70366895257629,36.013974297407266,129.3214961619775,20.520256042,1017.891174316,1.0,7.0
390,2018-11-14 11:42:06,56.65046218639532,36.01396714629342,129.32150096675727,20.520256042,1017.891174316,1.0,7.0
391,2018-11-14 11:42:07,56.595036987072156,36.01395667250183,129.32152572169554,20.536109924,1017.88885498,1.0,7.0
392,2018-11-14 11:42:08,56.216515493751146,36.01395679815038,129.32153159612804,20.551963806,1017.8872070310001,1.0,7.0
393,2018-11-14 11:42:09,56.07824143890149,36.01394708447321,129.3215342518967,20.715789795,1017.8676757810001,1.0,7.0
394,2018-11-14 11:42:10,56.06722927999856,36.01393755793219,129.3215287988589,20.906036377,1017.844787598,1.0,7.0
395,2018-11-14 11:42:11,56.20457639784847,36.01391844748308,129.32153995999488,21.127990723,1017.8180541989999,1.0,7.0
396,2018-11-14 11:42:12,56.12676066407684,36.013909067968456,129.3215425966943,21.336734772,1017.7926635739999,1.0,7.0
397,2018-11-14 11:42:13,56.12256338025046,36.01390329446708,129.32154363499606,21.344661713,1017.7917480469999,1.0,7.0
398,2018-11-14 11:42:14,56.134201146985006,36.01388939534199,129.32153447592776,21.344661713,1017.7917480469999,1.0,7.0
399,2018-11-14 11:42:15,56.353917322340095,36.013891953315785,129.321538220556,21.265392303,1017.801025391,1.0,7.0
400,2018-11-14 11:42:16,56.30245906927014,36.01387372593333,129.32154184177404,21.265392303,1017.801025391,1.0,7.0
401,2018-11-14 11:42:17,56.28097108087721,36.01385453512381,129.32154003447985,21.312953949,1017.795532227,1.0,7.0
402,2018-11-14 11:42:18,56.341609147272294,36.013834110985776,129.32154882749896,21.371082305999998,1017.7886352539999,1.0,7.0
403,2018-11-14 11:42:19,56.24685279399969,36.013816265961594,129.3215523896057,21.429214478,1017.78125,1.0,7.0
404,2018-11-14 11:42:20,56.21598128464899,36.01379758775928,129.32154484065344,21.497913361,1017.7734375,1.0,7.0
405,2018-11-14 11:42:21,56.36276824870416,36.013782201962535,129.3215426998456,21.524337769000002,1017.769775391,1.0,7.0
406,2018-11-14 11:42:22,56.437452896037406,36.013766371949394,129.32154288856384,21.524337769000002,1017.769775391,1.0,7.0
407,2018-11-14 11:42:23,56.470533238212134,36.01374682044028,129.3215448464824,21.534908295,1017.7687988280001,1.0,7.0
408,2018-11-14 11:42:24,56.480481134490155,36.013725219600026,129.3215447708474,21.545478821,1017.767333984,1.0,7.0
409,2018-11-14 11:42:25,56.521850679977334,36.013706024793855,129.3215507104925,21.608894348000003,1017.759643555,1.0,7.0
410,2018-11-14 11:42:26,56.477338800297524,36.01368262502997,129.3215578226664,21.672309875,1017.7524414060001,1.0,7.0
411,2018-11-14 11:42:27,56.41894474123582,36.01367030749197,129.3215596717663,21.796497345,1017.7373352055,1.0,7.0
412,2018-11-14 11:42:28,56.41213716516363,36.01365807360639,129.3215533754423,21.952392578,1017.718383789,1.0,7.0
413,2018-11-14 11:42:29,56.52087336922632,36.01364550480514,129.3215629869479,22.047515869,1017.706848145,1.0,7.0
414,2018-11-14 11:42:30,56.427445536995876,36.01363880233458,129.32155800629562,22.047515869,1017.706848145,1.0,7.0
415,2018-11-14 11:42:31,56.4978703624154,36.013628617419656,129.32155747947075,22.015808105,1017.711120605,1.0,7.0
416,2018-11-14 11:42:32,56.53193921214486,36.013616391766405,129.32155810978293,21.941825867,1017.719665527,1.0,7.0
417,2018-11-14 11:42:33,56.55118014252797,36.013609587948494,129.32155637938234,21.904830933000003,1017.724060059,1.0,7.0
418,2018-11-14 11:42:34,56.58696959201161,36.013599861654775,129.32155937235038,21.857269286999998,1017.730224609,1.0,7.0
419,2018-11-14 11:42:35,56.55903150815136,36.013594727644474,129.32156813714823,21.857269286999998,1017.730224609,1.0,7.0
420,2018-11-14 11:42:36,56.44978018023407,36.01358471780335,129.32157913378043,21.941825867,1017.7198486330001,1.0,7.0
421,2018-11-14 11:42:37,56.3125328733701,36.013572449135985,129.32158331946238,21.994670868000004,1017.7136230469999,1.0,7.0
422,2018-11-14 11:42:38,56.26303391172666,36.013566752223156,129.321604453914,21.994670868000004,1017.7136230469999,1.0,7.0
423,2018-11-14 11:42:39,56.013432221128724,36.013562188669965,129.32161652916707,21.915401459,1017.7231445310001,1.0,7.0
424,2018-11-14 11:42:40,55.85392386481307,36.01355056806739,129.3216277349893,21.862556458,1017.729187012,1.0,7.0
425,2018-11-14 11:42:41,55.7326278753729,36.0135413444066,129.32163917104748,21.709300995,1017.7474975585001,1.0,7.0
426,2018-11-14 11:42:42,55.61240654058906,36.013536945327466,129.32163989247417,21.587753296,1017.761962891,1.0,7.0
427,2018-11-14 11:42:43,55.60371463782357,36.01352712309693,129.32166223575948,21.550762177,1017.7664794919999,1.0,7.0
428,2018-11-14 11:42:44,55.38274809647278,36.01351798345972,129.32167081962922,21.476776123,1017.775634766,1.0,7.0
429,2018-11-14 11:42:45,55.283259627152155,36.013507770012865,129.32166765179977,21.307666779,1017.795959473,1.0,7.0
430,2018-11-14 11:42:46,55.351073383979866,36.01349983445994,129.32168225036506,21.043437958,1017.827880859,1.0,7.0
431,2018-11-14 11:42:47,55.18514968153764,36.0134893345499,129.32169795016108,20.826766968,1017.8542480469999,1.0,7.0
432,2018-11-14 11:42:48,54.996655608412546,36.013478124914066,129.32171070285656,20.620666504000003,1017.87890625,1.0,7.0
433,2018-11-14 11:42:49,54.8552743102309,36.01346800151707,129.32171435882057,20.456840515,1017.8984375,1.0,7.0
434,2018-11-14 11:42:50,54.83731843138929,36.013462536178324,129.32172902432688,20.303585052,1017.916931152,1.0,7.0
435,2018-11-14 11:42:51,54.672561265136004,36.013450198421495,129.3217458545369,20.182041167999998,1017.932006836,1.0,7.0
436,2018-11-14 11:42:52,54.504529152026294,36.01344944015057,129.32176219937972,20.034069061,1017.949768066,1.0,7.0
437,2018-11-14 11:42:53,54.2884408149829,36.013435881904456,129.32176262302508,19.838539124,1017.973327637,1.0,7.0
438,2018-11-14 11:42:54,54.335846721268815,36.01342783545246,129.32177818669166,19.664146423,1017.9946289060001,1.0,7.0
439,2018-11-14 11:42:55,54.199083405647386,36.013415651027,129.32177834829974,19.505607605,1018.013427734,1.0,7.0
440,2018-11-14 11:42:56,54.25469647227862,36.01340755646887,129.3217883488856,19.347066879,1018.0326843260001,1.0,7.0
441,2018-11-14 11:42:57,54.19305578309212,36.0133958736195,129.32179606641432,19.241374969000002,1018.045166016,1.0,7.0
442,2018-11-14 11:42:58,54.17163445098989,36.013380917615244,129.32180192487456,19.172672272,1018.0535888669999,1.0,7.0
443,2018-11-14 11:42:59,54.19964978848277,36.01337221619955,129.32180422270358,19.114543915,1018.0608520510001,1.0,7.0
444,2018-11-14 11:43:00,54.233679959927386,36.013362330865455,129.32181688511739,19.093402862999998,1018.063110352,1.0,7.0
445,2018-11-14 11:43:01,54.16918746925935,36.013358317153234,129.32183096353694,19.093402862999998,1018.063293457,1.0,7.0
446,2018-11-14 11:43:02,54.0447587890402,36.01335026916193,129.32182620488132,19.040557861,1018.069519043,1.0,7.0
447,2018-11-14 11:43:03,54.1373726837136,36.013340138239656,129.3218400205843,18.950717926,1018.0803833010001,1.0,7.0
448,2018-11-14 11:43:04,54.08068177215554,36.01333206370201,129.32185267065904,18.818603516,1018.0961914060001,1.0,7.0
449,2018-11-14 11:43:05,54.008483597747784,36.01332027841436,129.321860907566,18.686485291,1018.112304688,1.0,7.0
450,2018-11-14 11:43:06,53.98621251077576,36.013309910454026,129.32186922261343,18.506809235,1018.133605957,1.0,7.0
451,2018-11-14 11:43:07,53.96251399704926,36.01329669225619,129.32186851575642,18.374694824000002,1018.1499023439999,1.0,7.0
452,2018-11-14 11:43:08,54.040770061203936,36.01329095793726,129.32187699889812,18.253147125,1018.164672852,1.0,7.0
453,2018-11-14 11:43:09,54.00241189076395,36.01327635872925,129.32188494899515,18.173877716,1018.174072266,1.0,7.0
454,2018-11-14 11:43:10,54.00970659740159,36.01327585144947,129.3218934847564,18.0232658385,1018.1921081544999,1.0,7.0
455,2018-11-14 11:43:11,53.93612042475482,36.013259959221514,129.32190077108177,17.835659027000002,1018.21472168,1.0,7.0
456,2018-11-14 11:43:12,53.957710782099504,36.01325672539092,129.32189887927362,17.682403564,1018.233581543,1.0,7.0
457,2018-11-14 11:43:13,53.99587750826368,36.01324205653369,129.3219007497221,17.51858139,1018.2528076169999,1.0,7.0
458,2018-11-14 11:43:14,54.07076199093869,36.013244772339704,129.3219002327714,17.397033691,1018.267578125,1.0,7.0
459,2018-11-14 11:43:15,54.06652940038782,36.013231471517145,129.32190398787912,17.286056519000002,1018.28112793,1.0,7.0
460,2018-11-14 11:43:16,54.11339541745578,36.01322089151146,129.32191463507115,17.175079346,1018.29473877,1.0,7.0
461,2018-11-14 11:43:17,54.09211995251218,36.013212821107366,129.3219163553364,17.106380463,1018.302612305,1.0,7.0
462,2018-11-14 11:43:18,54.12518298829322,36.013205623848464,129.32191257719174,17.011257172,1018.314453125,1.0,7.0
463,2018-11-14 11:43:19,54.20386236926389,36.013194930315315,129.3219179938905,16.905563354,1018.327087402,1.0,7.0
464,2018-11-14 11:43:20,54.23314678074964,36.01318363466049,129.32192228545577,16.826293945,1018.3362426760001,1.0,7.0
465,2018-11-14 11:43:21,54.271567928197044,36.013176102732835,129.3219362657794,16.725887299,1018.348632812,1.0,7.0
466,2018-11-14 11:43:22,54.21201892966053,36.01316110565666,129.3219442676392,16.609622955,1018.362487793,1.0,7.0
467,2018-11-14 11:43:23,54.24010791408421,36.01314477249868,129.32195433899764,16.493362427,1018.376586914,1.0,7.0
468,2018-11-14 11:43:24,54.208866061794154,36.01313745536553,129.3219556591171,16.382385254000006,1018.390380859,1.0,7.0
469,2018-11-14 11:43:25,54.235631555520236,36.01313194182658,129.32196419162634,16.157787323,1018.4173583985,1.0,7.0
470,2018-11-14 11:43:26,54.156569823642855,36.01312215705997,129.32197620447442,16.012458800999998,1018.434509277,1.0,7.0
471,2018-11-14 11:43:27,54.049306045474644,36.013114624597634,129.32197680123676,16.012458800999998,1018.434509277,1.0,7.0
472,2018-11-14 11:43:28,54.08203746184728,36.01311028833546,129.32197279694728,16.128723145,1018.420898438,1.0,7.0
473,2018-11-14 11:43:29,54.169493342742356,36.013110670806796,129.32197195027575,16.334823608,1018.395935059,1.0,7.0
474,2018-11-14 11:43:30,54.187151589523246,36.013111917989384,129.32196482459528,16.641330719000006,1018.359130859,1.0,7.0
475,2018-11-14 11:43:31,54.27746721888885,36.01310979120906,129.3219506244854,16.942554474,1018.322387695,1.0,7.0
476,2018-11-14 11:43:32,54.49380392708909,36.01310275763561,129.3219501740903,17.264919280999994,1018.2836914060001,1.0,7.0
477,2018-11-14 11:43:33,54.5676089235927,36.01309852825378,129.32195213882454,17.539718628,1018.250671387,1.0,7.0
478,2018-11-14 11:43:34,54.57623225161222,36.013089628374864,129.32194827448512,17.756389618,1018.223999023,1.0,7.0
479,2018-11-14 11:43:35,54.68717759222666,36.01307355177618,129.32194153578024,17.994197845,1018.195678711,1.0,7.0
480,2018-11-14 11:43:36,54.873071473211915,36.01306177770747,129.32193557991448,18.42225647,1018.14440918,1.0,7.0
481,2018-11-14 11:43:37,55.00658471995303,36.013055059006575,129.3219455406563,18.876735687,1018.0889892580001,1.0,7.0
482,2018-11-14 11:43:38,54.98957258027167,36.013047026468094,129.32195459416488,19.246658325,1018.044372559,1.0,7.0
483,2018-11-14 11:43:39,54.89656124667464,36.013041023246124,129.32195432245837,19.9336624145,1017.9620361330001,1.0,7.0
484,2018-11-14 11:43:40,54.91022840555125,36.013036241767885,129.32195174192006,20.319438934,1017.915344238,1.0,7.0
485,2018-11-14 11:43:41,54.96053234678071,36.01303651147625,129.32194583002808,20.36700058,1017.9098510739999,1.0,7.0
486,2018-11-14 11:43:42,55.04130660687045,36.01303517882349,129.32194350160424,20.435703278,1017.901000977,1.0,7.0
487,2018-11-14 11:43:43,55.0777699581724,36.01303131423364,129.32194691499208,20.435703278,1017.901000977,1.0,7.0
488,2018-11-14 11:43:44,55.055811282316256,36.013025740450026,129.3219437439615,20.435703278,1017.901000977,1.0,7.0
489,2018-11-14 11:43:45,55.108231198422054,36.013017625518025,129.32194737573332,20.446269989,1017.900268555,1.0,7.0
490,2018-11-14 11:43:46,55.09723402377287,36.013014977637084,129.32195112279442,20.446269989,1017.900268555,1.0,7.0
491,2018-11-14 11:43:47,55.05615093838804,36.01301048467936,129.321952606514,20.446269989,1017.900268555,1.0,7.0
492,2018-11-14 11:43:48,55.047373440396434,36.01300654322037,129.32195259379722,20.477981567,1017.895874023,1.0,7.0
493,2018-11-14 11:43:49,55.05943209196445,36.01300693153521,129.32194925695498,20.541397095,1017.88848877,1.0,7.0
494,2018-11-14 11:43:50,55.10262632992397,36.013003050379034,129.3219433994506,20.551963806,1017.887084961,1.0,7.0
495,2018-11-14 11:43:51,55.188656569149636,36.013003122277425,129.32194130475756,20.594242096,1017.8823852539999,1.0,7.0
496,2018-11-14 11:43:52,55.210601115289,36.0130020121605,129.3219378100824,20.594242096,1017.8823852539999,1.0,7.0
497,2018-11-14 11:43:53,53.37573940584962,36.013003383894315,129.32193985818614,20.541397095,1017.888549805,1.0,7.0
498,2018-11-14 11:43:54,51.86964110392104,36.013001631571775,129.32193830998472,20.448913574000002,1017.8996887205001,1.0,7.0
499,2018-11-14 11:43:55,50.650721682178705,36.012997396791995,129.32193532955364,20.440986632999998,1017.900756836,1.0,7.0
500,2018-11-14 11:43:56,54.81408072839852,36.01299360754988,129.32193169476218,20.440986632999998,1017.900512695,1.0,7.0
776,2018-11-14 12:26:30,36.38477915409388,36.01251295416851,129.32137188892875,0.22195434600000002,1017.715454102,1.0,1.0
777,2018-11-14 12:26:31,36.38477915409388,36.01251295416851,129.32137188892875,0.14268493699999998,1017.72454834,1.0,1.0
778,2018-11-14 12:26:32,36.38477915409388,36.01251295416851,129.32137188892875,0.079269409,1017.732543945,1.0,1.0
779,2018-11-14 12:26:33,36.38477915409388,36.01251295416851,129.32137188892875,0.079269409,1017.732543945,1.0,1.0
780,2018-11-14 12:26:34,36.38477915409388,36.01251295416851,129.32137188892875,0.084552765,1017.731872559,1.0,1.0
781,2018-11-14 12:26:35,36.38477915409388,36.01251295416851,129.32137188892875,0.084552765,1017.731872559,1.0,1.0
782,2018-11-14 12:26:36,36.38477915409388,36.01251295416851,129.32137188892875,0.079269409,1017.732666016,1.0,1.0
1241,2018-11-14 17:00:45,33.81786353557309,36.01579585835186,129.32281013092975,3.4033088680000003,1020.6352539060001,1.0,1.0
1242,2018-11-14 17:00:46,33.86098137614032,36.015802915302665,129.3228061690504,3.162858963,1020.6644592285,1.0,1.0
1243,2018-11-14 17:00:47,33.888155022379664,36.01581344545673,129.3227832893508,2.885414124,1020.6981201169999,1.0,1.0
1244,2018-11-14 17:00:48,33.924991802286804,36.01582427115003,129.32276653834407,2.726875305,1020.7172851560001,1.0,1.0
1679,2018-11-15 12:21:43,39.44785477808427,36.0133931989069,129.32351986798056,7.948097229,1021.0061645510001,1.0,2.0
1680,2018-11-15 12:21:44,39.403803231409505,36.013382976056036,129.32352586431384,8.1647720335,1020.9801940919999,1.0,2.0
1681,2018-11-15 12:21:45,39.36561855098519,36.013371763732955,129.32353160131078,8.349731445,1020.9578857419999,1.0,2.0
1682,2018-11-15 12:21:46,39.32948997857264,36.01335887690293,129.32353793045868,8.439571381,1020.947265625,1.0,2.0
1683,2018-11-15 12:21:47,39.29153454625814,36.013343743121084,129.32354231779814,8.529411316000001,1020.935791016,1.0,2.0
1684,2018-11-15 12:21:48,39.26007405551693,36.01333310123283,129.3235448415485,8.592826843,1020.928649902,1.0,2.0
1685,2018-11-15 12:21:49,39.23982710007074,36.013317943226404,129.32354472284015,8.666812897,1020.9194335939999,1.0,2.0
1686,2018-11-15 12:21:50,39.20081281102026,36.013307288657906,129.3235547487381,8.73551178,1020.911193848,1.0,2.0
1687,2018-11-15 12:21:51,39.135109853184545,36.013294418038626,129.32356104084116,8.820064545,1020.901000977,1.0,2.0
1688,2018-11-15 12:21:52,39.07205609792832,36.01328492204085,129.32356691991743,8.904621124,1020.890625,1.0,2.0
1689,2018-11-15 12:21:53,39.01816275548375,36.01326308048945,129.3235657199201,8.978603363,1020.8817138669999,1.0,2.0
1690,2018-11-15 12:21:54,38.958137038182656,36.01324305079019,129.32357316784194,9.063159942999999,1020.871459961,1.0,2.0
1691,2018-11-15 12:21:55,38.86586775807852,36.013228812458856,129.3235746779053,9.116004944,1020.865234375,1.0,2.0
1692,2018-11-15 12:21:56,38.8100759649558,36.013203946272576,129.3235844766766,9.158283233999999,1020.8601074219999,1.0,2.0
1693,2018-11-15 12:21:57,38.687962743285134,36.01319450671651,129.32357483128416,9.274543762,1020.84588623,1.0,2.0
1694,2018-11-15 12:21:58,38.69497062888173,36.01318414032398,129.32359459478485,9.374954224,1020.8336791989999,1.0,2.0
1695,2018-11-15 12:21:59,38.56804461690429,36.013175208931344,129.32360212596205,9.438369751,1020.825927734,1.0,2.0
1696,2018-11-15 12:22:00,38.489842601033686,36.01317346564705,129.3236125549582,9.628616333,1020.803100586,1.0,2.0
1697,2018-11-15 12:22:01,38.42332107498375,36.013167353723134,129.32361907920546,9.750164032,1020.788879395,1.0,2.0
1698,2018-11-15 12:22:02,38.36299384303304,36.013158856865026,129.32363190819297,9.781871796,1020.78503418,1.0,2.0
1699,2018-11-15 12:22:03,38.26096807784578,36.013142802390774,129.32364185314177,9.829433441,1020.7788696289999,1.0,2.0
1700,2018-11-15 12:22:04,38.14053143150284,36.013141390746085,129.32365449744714,9.882278442,1020.772399902,1.0,2.0
1701,2018-11-15 12:22:05,38.05413092482753,36.0131311453056,129.3236658859187,9.913986206,1020.768920898,1.0,2.0
1702,2018-11-15 12:22:06,37.943355788100426,36.013113134615686,129.32367547021252,9.94569397,1020.765075684,1.0,2.0
1703,2018-11-15 12:22:07,37.806745742689436,36.01310031205794,129.32368368985937,9.982685089,1020.760437012,1.0,2.0
1704,2018-11-15 12:22:08,37.69294092406143,36.01308621938655,129.32369470398555,10.019680023,1020.7562866210001,1.0,2.0
1705,2018-11-15 12:22:09,37.556539461363656,36.01307632946996,129.32370560295305,10.056671142999999,1020.751831055,1.0,2.0
1706,2018-11-15 12:22:10,37.43322829458607,36.013061694029545,129.3237057985478,10.141227722,1020.741210938,1.0,2.0
1707,2018-11-15 12:22:11,37.35609500810849,36.01305002227303,129.32370591150354,10.188789368,1020.735961914,1.0,2.0
1708,2018-11-15 12:22:12,37.30305277626249,36.0130424165769,129.32370947352194,10.215209961000001,1020.732421875,1.0,2.0
1709,2018-11-15 12:22:13,37.25002325705741,36.01303379843952,129.32371442110863,10.215209961000001,1020.732421875,1.0,2.0
1710,2018-11-15 12:22:14,37.18473838680193,36.01302699485669,129.32371557226048,10.199356079,1020.73449707,1.0,2.0
1711,2018-11-15 12:22:15,37.14870474230568,36.01301706347611,129.32372248531522,10.146511078,1020.7409667969999,1.0,2.0
1712,2018-11-15 12:22:16,37.06812841643029,36.01300460216401,129.3237300323879,10.104232788,1020.745910645,1.0,2.0
1713,2018-11-15 12:22:17,36.97078970168942,36.01299079911337,129.3237310119369,10.098949432000001,1020.7465209960001,1.0,2.0
1714,2018-11-15 12:22:18,36.909986570571775,36.01297811612773,129.32372379729702,10.12537384,1020.743469238,1.0,2.0
1715,2018-11-15 12:22:19,36.909564216444394,36.0129704561541,129.32371755759607,10.172935486,1020.737670898,1.0,2.0
1716,2018-11-15 12:22:20,36.92513973310684,36.012963582281635,129.32371136094656,10.231063843,1020.730102539,1.0,2.0
1717,2018-11-15 12:22:21,36.94457753379653,36.01295176172142,129.32370536893114,10.315620422,1020.720153809,1.0,2.0
1718,2018-11-15 12:22:22,36.947053464134044,36.012945763227954,129.32370355995906,10.400173187,1020.709777832,1.0,2.0
1719,2018-11-15 12:22:23,36.93958659488753,36.01293246263122,129.32370113587402,10.495296478,1020.6987915039999,1.0,2.0
1720,2018-11-15 12:22:24,36.911453051883775,36.01292270257505,129.32369381583868,10.558712006,1020.691040039,1.0,2.0
1721,2018-11-15 12:22:25,36.92445314362832,36.01291903195943,129.32369138166112,10.600990295,1020.685791016,1.0,2.0
1722,2018-11-15 12:22:26,36.92963269992191,36.01291620024549,129.32368017837405,10.648551941000001,1020.6801757810001,1.0,2.0
1723,2018-11-15 12:22:27,36.99357266788039,36.01291504006278,129.3236786186277,10.664405823,1020.677856445,1.0,2.0
1724,2018-11-15 12:22:28,37.006314702395954,36.012915839943524,129.32367786919204,10.680259705,1020.6762084960001,1.0,2.0
1725,2018-11-15 12:22:29,37.01503900960727,36.01291575754125,129.3236786882802,10.717250824,1020.67199707,1.0,2.0
1726,2018-11-15 12:22:30,37.01033587880497,36.012917200204356,129.32368458521938,10.733104706,1020.670043945,1.0,2.0
1727,2018-11-15 12:22:31,36.97632636589563,36.012903113933504,129.3236913738534,10.743675232000001,1020.668212891,1.0,2.0
1728,2018-11-15 12:22:32,36.883297576469936,36.012897912415156,129.32369457470745,10.785953522,1020.663696289,1.0,2.0
1729,2018-11-15 12:22:33,36.83640085597463,36.012883098760064,129.323700443752,10.820302963,1020.659484863,1.0,2.0
1730,2018-11-15 12:22:34,36.74568136825127,36.01286858748165,129.3236992769795,10.833515167,1020.6574707030001,1.0,2.0
1731,2018-11-15 12:22:35,36.69715476860003,36.012859673145485,129.32369711947896,10.881076813,1020.6516113280001,1.0,2.0
1732,2018-11-15 12:22:36,36.677398467887826,36.01284521009947,129.32369296521722,10.923351288,1020.64666748,1.0,2.0
1733,2018-11-15 12:22:37,36.65548265226974,36.01283180898527,129.32369013228595,10.997337341,1020.6379394530001,1.0,2.0
1734,2018-11-15 12:22:38,36.62822850967277,36.01281758473141,129.3236838609557,11.097743988,1020.6257324219999,1.0,2.0
1735,2018-11-15 12:22:39,36.620054563308585,36.01280535460186,129.323669648591,11.229862212999999,1020.6096801760001,1.0,2.0
1736,2018-11-15 12:22:40,36.67170718515166,36.01279657568161,129.32365284017536,11.314414978,1020.5993041989999,1.0,2.0
1737,2018-11-15 12:22:41,36.75734730085159,36.01278242106629,129.32364091247197,11.404254912999999,1020.588867188,1.0,2.0
1738,2018-11-15 12:22:42,36.7973425105417,36.012779826821436,129.32363446629128,11.457099915,1020.5825195310001,1.0,2.0
1739,2018-11-15 12:22:43,36.83470956996286,36.012771444448035,129.32361998624123,11.483524323,1020.579101562,1.0,2.0
1740,2018-11-15 12:22:44,36.94615692348799,36.01275993302353,129.32360387234743,11.50466156,1020.5764770510001,1.0,2.0
1741,2018-11-15 12:22:45,37.122470802517256,36.012748024876984,129.32359529075907,11.557510376,1020.570068359,1.0,2.0
1742,2018-11-15 12:22:46,37.262098497793225,36.01274672192352,129.3235744145723,11.599784850999999,1020.5649414060001,1.0,2.0
1743,2018-11-15 12:22:47,37.483198184435096,36.01273671062035,129.323562611699,11.673770905,1020.556274414,1.0,2.0
1744,2018-11-15 12:22:48,37.65247001833365,36.01273140548272,129.32354563125656,11.747756958,1020.547485352,1.0,2.0
1745,2018-11-15 12:22:49,37.851636352724476,36.01272791398828,129.3235259382654,11.9010105135,1020.5285949710001,1.0,2.0
1746,2018-11-15 12:22:50,38.07427820589013,36.012721378804805,129.323512706176,12.085971832,1020.5063476560001,1.0,2.0
1747,2018-11-15 12:22:51,38.246334108736,36.012713641818436,129.32349263139298,12.212802887,1020.490783691,1.0,2.0
1748,2018-11-15 12:22:52,38.48373318046588,36.01270581664981,129.32348069278146,12.334350586,1020.476318359,1.0,2.0
1749,2018-11-15 12:22:53,38.64887056383516,36.012702360063294,129.32345952837812,12.455898285,1020.461547852,1.0,2.0
1750,2018-11-15 12:22:54,38.88230248454513,36.01269163310844,129.32345099022058,12.566875458,1020.4483642580001,1.0,2.0
1751,2018-11-15 12:22:55,39.02339164829582,36.01268356538172,129.3234359286997,12.672569275,1020.435424805,1.0,2.0
1752,2018-11-15 12:22:56,39.21003741464648,36.012674877932035,129.32342799304044,12.767692566,1020.4241333010001,1.0,2.0
1753,2018-11-15 12:22:57,39.33398534699443,36.01266698085162,129.32341847900216,12.868099212999999,1020.411987305,1.0,2.0
1754,2018-11-15 12:22:58,39.46444196884251,36.01266221742324,129.3234130468864,12.97379303,1020.3989257810001,1.0,2.0
1755,2018-11-15 12:22:59,39.54572302836618,36.0126582444318,129.32340616409465,13.090053558,1020.385009766,1.0,2.0
1756,2018-11-15 12:23:00,39.633622176188666,36.012649251103625,129.323390562942,13.174610138,1020.37487793,1.0,2.0
1757,2018-11-15 12:23:01,39.823195553495324,36.01263938335779,129.32337985938454,13.259162903,1020.364440918,1.0,2.0
1758,2018-11-15 12:23:02,39.97816020018596,36.01262822511169,129.32336863894034,13.349002837999999,1020.3539428710001,1.0,2.0
1759,2018-11-15 12:23:03,40.138871890074746,36.012622387880675,129.32335797754521,13.401847839,1020.34765625,1.0,2.0
1760,2018-11-15 12:23:04,40.27748868284293,36.0126159913881,129.32334073196748,13.465263367,1020.339599609,1.0,2.0
1761,2018-11-15 12:23:05,40.47969722491271,36.01261135556947,129.32333278085636,13.597381591500001,1020.323394775,1.0,2.0
1762,2018-11-15 12:23:06,40.59508714650251,36.012610854898966,129.32331984276752,13.740066528,1020.306518555,1.0,2.0
1763,2018-11-15 12:23:07,40.801118478749366,36.01260511776323,129.3233106806179,13.866897583,1020.291259766,1.0,2.0
1764,2018-11-15 12:23:08,40.97840725040179,36.01260077629157,129.32330203559903,13.988445282,1020.276733398,1.0,2.0
1765,2018-11-15 12:23:09,41.14123805627796,36.01259743100289,129.32329989950128,14.094135284000002,1020.26361084,1.0,2.0
1766,2018-11-15 12:23:10,41.20175484047887,36.01259152368224,129.32329078767032,14.189258575,1020.252197266,1.0,2.0
1767,2018-11-15 12:23:11,41.36713574253177,36.01257987603764,129.32327846269234,14.279098510999999,1020.241638184,1.0,2.0
1768,2018-11-15 12:23:12,41.615375492893314,36.01257018301858,129.32327324787468,14.342514038,1020.2340698239999,1.0,2.0
1769,2018-11-15 12:23:13,41.75802097061502,36.01256552580264,129.32326677936166,14.395359039,1020.227111816,1.0,2.0
1770,2018-11-15 12:23:14,41.890484676102034,36.012558417121404,129.32325696404828,14.464061737,1020.2191772460001,1.0,2.0
1771,2018-11-15 12:23:15,42.084600339863634,36.012552854226726,129.32325002111776,14.53276062,1020.21081543,1.0,2.0
1772,2018-11-15 12:23:16,42.235188664052274,36.012544099283225,129.3232375975575,14.612030029000001,1020.200927734,1.0,2.0
1773,2018-11-15 12:23:17,42.481990355357865,36.01253310572515,129.3232326223428,14.686016083,1020.1922607419999,1.0,2.0
1774,2018-11-15 12:23:18,42.6332398909435,36.01252395840551,129.3232225874004,14.775856017999999,1020.181274414,1.0,2.0
1775,2018-11-15 12:23:19,42.84851514357433,36.012513790469434,129.3232070485349,14.849838257,1020.1723632810001,1.0,2.0
1776,2018-11-15 12:23:20,43.165348302382355,36.01250680683857,129.32318980341066,14.929107665999998,1020.162719727,1.0,2.0
1777,2018-11-15 12:23:21,43.50794470420064,36.01249972327787,129.32317925248623,15.008377075,1020.1530761719999,1.0,2.0
1778,2018-11-15 12:23:22,43.74837652455824,36.012490693387775,129.32316443521142,15.129924774000001,1020.1387939455001,1.0,2.0
1779,2018-11-15 12:23:23,44.07097317339088,36.01247915596669,129.32314759316392,15.235618591,1020.125671387,1.0,2.0
1780,2018-11-15 12:23:24,44.45083339369407,36.012470529832456,129.32313812533692,15.299034119000002,1020.118164062,1.0,2.0
1781,2018-11-15 12:23:25,44.69809523359547,36.0124689722051,129.32312744830736,15.415294647,1020.103881836,1.0,2.0
1782,2018-11-15 12:23:26,44.90588110996843,36.01246440951589,129.32311765871958,15.557979584000002,1020.086730957,1.0,2.0
1783,2018-11-15 12:23:27,45.114821166111604,36.012457129008865,129.32310675952846,15.727088927999999,1020.066650391,1.0,2.0
1784,2018-11-15 12:23:28,45.35945861044661,36.01245091940535,129.32309901399788,15.906768799000002,1020.04486084,1.0,2.0
1785,2018-11-15 12:23:29,45.54963738173558,36.01244563928033,129.32308469043303,16.128723145,1020.018249512,1.0,2.0
1786,2018-11-15 12:23:30,45.83491578742893,36.01244024735433,129.32307123584596,16.287261963,1019.999023438,1.0,2.0
1787,2018-11-15 12:23:31,46.11634203498069,36.01243697263294,129.32305925121963,16.445800781,1019.9797363280001,1.0,2.0
1788,2018-11-15 12:23:32,46.35985788971632,36.01242916250393,129.3230564586263,16.599056244,1019.961303711,1.0,2.0
1789,2018-11-15 12:23:33,46.48005832162545,36.012427186358344,129.32304899862604,16.747024535999998,1019.943359375,1.0,2.0
1790,2018-11-15 12:23:34,46.5832511553437,36.012419805271946,129.3230416223806,16.858001709,1019.929931641,1.0,2.0
1791,2018-11-15 12:23:35,46.713094822260466,36.012412221632815,129.3230303395681,16.990119934000006,1019.913818359,1.0,2.0
1792,2018-11-15 12:23:36,46.88489342845406,36.012407573266614,129.3230215510655,17.106380463,1019.900146484,1.0,2.0
1793,2018-11-15 12:23:37,47.017615128673036,36.01239867529975,129.32301040272668,17.217357635,1019.886779785,1.0,2.0
1794,2018-11-15 12:23:38,47.19691131602893,36.01239214494755,129.32300004654795,17.360044479499994,1019.869262695,1.0,2.0
1795,2018-11-15 12:23:39,47.35781426240123,36.01238731164353,129.32299216452265,17.513298035,1019.8504638669999,1.0,2.0
1796,2018-11-15 12:23:40,47.48183836441152,36.01238547124179,129.32297869160917,17.592567444,1019.8410644530001,1.0,2.0
1797,2018-11-15 12:23:41,47.63712483833326,36.01237538948379,129.32297073189338,17.692974091,1019.8292236330001,1.0,2.0
1798,2018-11-15 12:23:42,47.79535215515901,36.01236898137161,129.32295920653445,17.803955077999998,1019.8155517580001,1.0,2.0
1799,2018-11-15 12:23:43,47.96472255529861,36.0123621071424,129.32295450969696,17.899078369,1019.804321289,1.0,2.0
1800,2018-11-15 12:23:44,48.071864215673905,36.01235985443364,129.322947038625,17.98891449,1019.79296875,1.0,2.0
1801,2018-11-15 12:23:45,48.16978922765871,36.01234866723497,129.32294346581233,18.089324951,1019.78112793,1.0,2.0
1802,2018-11-15 12:23:46,48.28680829135718,36.01233798029456,129.32294077368002,18.184448242000002,1019.769592285,1.0,2.0
1803,2018-11-15 12:23:47,48.393926457492654,36.012323850825595,129.32294700191696,18.258430480999998,1019.760803223,1.0,2.0
1804,2018-11-15 12:23:48,48.435660918149175,36.012297284906026,129.32293149969178,18.337703705,1019.7515258789999,1.0,2.0
1805,2018-11-15 12:23:49,48.762660749712886,36.01227689192561,129.32292449085804,18.37997818,1019.74621582,1.0,2.0
1806,2018-11-15 12:23:50,48.9956346281329,36.01226647128653,129.32292040329597,18.406402588,1019.742797852,1.0,2.0
1807,2018-11-15 12:23:51,49.12618604429522,36.01224011382699,129.32292809249154,18.475101471,1019.7348022460001,1.0,2.0
1808,2018-11-15 12:23:52,49.235296025999354,36.01220364571859,129.3229458786034,18.501525879000003,1019.731506348,1.0,2.0
1809,2018-11-15 12:23:53,49.28588140161118,36.01218610963942,129.32294831587444,18.559658051,1019.724243164,1.0,2.0
1810,2018-11-15 12:23:54,49.35947402730712,36.012176028565996,129.32294258329753,18.591365814,1019.720581055,1.0,2.0
1811,2018-11-15 12:23:55,49.472178443685294,36.012172156843796,129.32294019637152,18.586080551,1019.7210998535,1.0,2.0
1812,2018-11-15 12:23:56,49.52524499738367,36.01215653246778,129.3229227603789,18.575511932,1019.72277832,1.0,2.0
2101,2018-11-15 13:50:13,37.88327167347282,36.01271702242129,129.32353835723342,4.44966507,1019.840637207,1.0,5.0
2102,2018-11-15 13:50:14,37.9889571646007,36.012726824917,129.3235289925741,4.655769348,1019.815612793,1.0,5.0
2103,2018-11-15 13:50:15,38.05879008749279,36.012730497385995,129.32352673022766,4.851299286000001,1019.791809082,1.0,5.0
2104,2018-11-15 13:50:16,38.0758636355193,36.01272753279665,129.32352098598602,5.046829224,1019.7683105469999,1.0,5.0
2105,2018-11-15 13:50:17,38.14301174044402,36.012723886220485,129.32351454271515,5.173660278,1019.752929688,1.0,5.0
2106,2018-11-15 13:50:18,38.22416922366597,36.01271829797483,129.32350630516905,5.221225738999999,1019.747070312,1.0,5.0
2107,2018-11-15 13:50:19,38.33046154669521,36.012707432923214,129.32349443607166,5.300495148,1019.738098145,1.0,5.0
2108,2018-11-15 13:50:20,38.491658405951256,36.01269015141051,129.32348214071087,5.31634903,1019.735778809,1.0,5.0
2109,2018-11-15 13:50:21,38.68328125044621,36.01268118032302,129.32347043860528,5.3480567930000005,1019.732055664,1.0,5.0
2110,2018-11-15 13:50:22,38.84525550083808,36.01267691067239,129.32344311301935,5.400901794,1019.7257080080001,1.0,5.0
2111,2018-11-15 13:50:23,39.140890181736644,36.01267605206897,129.323423639223,5.5013103485000014,1019.713439941,1.0,5.0
2112,2018-11-15 13:50:24,39.362522131271795,36.012670059380774,129.32340760732578,5.680988312,1019.6917114260001,1.0,5.0
2113,2018-11-15 13:50:25,39.55993099272924,36.01264266458409,129.32339313730387,5.860664367999999,1019.6703491210001,1.0,5.0
2114,2018-11-15 13:50:26,39.80908014303513,36.01263221836291,129.32338625331266,5.945220947,1019.659912109,1.0,5.0
2115,2018-11-15 13:50:27,39.93475341988213,36.01263097943132,129.32338138189508,6.029773712000001,1019.649414062,1.0,5.0
2116,2018-11-15 13:50:28,39.99868526477874,36.0126249786953,129.3233754683528,6.124897002999999,1019.6383666989999,1.0,5.0
2117,2018-11-15 13:50:29,40.08200334550864,36.01261930883433,129.32336940114274,6.156604767,1019.634521484,1.0,5.0
2118,2018-11-15 13:50:30,40.16767890358163,36.01261322713105,129.32336311227172,6.172458649,1019.632263184,1.0,5.0
2119,2018-11-15 13:50:31,40.257078368568614,36.01261060453875,129.32335747962685,6.2992897029999995,1019.617248535,1.0,5.0
2120,2018-11-15 13:50:32,40.32926523279193,36.01260300052126,129.3233589351637,6.426120758,1019.602111816,1.0,5.0
2121,2018-11-15 13:50:33,40.34696899611855,36.012604647061146,129.32336038151698,6.552951813,1019.586730957,1.0,5.0
2122,2018-11-15 13:50:34,40.32934850331058,36.012596066189644,129.32335804670942,6.722061157000001,1019.566040039,1.0,5.0
2123,2018-11-15 13:50:35,40.37808236467433,36.012592540841155,129.32335487483093,6.854179382000001,1019.550231934,1.0,5.0
2124,2018-11-15 13:50:36,40.425205048906406,36.012592276079396,129.32334472672906,6.949302672999999,1019.538818359,1.0,5.0
2125,2018-11-15 13:50:37,40.52941911786671,36.01258448639343,129.3233356174253,7.0444259639999975,1019.52722168,1.0,5.0
2126,2018-11-15 13:50:38,40.65361768540727,36.01258914034765,129.32332191113292,7.158044815,1019.51361084,1.0,5.0
2127,2018-11-15 13:50:39,40.846323186692594,36.012583813876525,129.3233139126714,7.2769470210000025,1019.4991455080001,1.0,5.0
2128,2018-11-15 13:50:40,41.00531923120587,36.01257212337915,129.32331299054587,7.335079192999999,1019.49206543,1.0,5.0
2129,2018-11-15 13:50:41,41.075910150354474,36.01257235362663,129.32330676101202,7.393211365,1019.4848632810001,1.0,5.0
2130,2018-11-15 13:50:42,41.177829319173625,36.01255509444962,129.32329311768453,7.435489655,1019.480285645,1.0,5.0
2131,2018-11-15 13:50:43,41.461539607637576,36.012551881561116,129.3232855221624,7.498905182000001,1019.4721679689999,1.0,5.0
2132,2018-11-15 13:50:44,41.620284019052335,36.012549064176305,129.32328395447095,7.551750182999999,1019.466247559,1.0,5.0
2133,2018-11-15 13:50:45,41.671355908924276,36.012540954149145,129.3232730827528,7.625736237000001,1019.456848145,1.0,5.0
2134,2018-11-15 13:50:46,41.87833687720836,36.01252658801322,129.32325936946376,7.705005646,1019.44732666,1.0,5.0
2135,2018-11-15 13:50:47,42.1735833138805,36.012511012526744,129.3232567796532,7.7895584110000025,1019.43737793,1.0,5.0
2136,2018-11-15 13:50:48,42.30863163918835,36.0125091868149,129.32324837908348,7.8635444639999985,1019.428405762,1.0,5.0
2137,2018-11-15 13:50:49,42.46486947342811,36.012492602783134,129.32323633374858,7.932243347000001,1019.41986084,1.0,5.0
2138,2018-11-15 13:50:50,42.7624299023599,36.012481592782066,129.323223004937,8.016799927000001,1019.41003418,1.0,5.0
2139,2018-11-15 13:50:51,43.0794578263566,36.012480470789924,129.3232108896678,8.117206572999999,1019.3979492189999,1.0,5.0
2140,2018-11-15 13:50:52,43.314696080182046,36.012470384772584,129.32319121929896,8.254606247,1019.3813476560001,1.0,5.0
2141,2018-11-15 13:50:53,43.72224013871889,36.012465919040096,129.32318024941023,8.397293091,1019.364074707,1.0,5.0
2142,2018-11-15 13:50:54,43.96964051014876,36.01245662224507,129.32315578314072,8.481845856,1019.35357666,1.0,5.0
2143,2018-11-15 13:50:55,44.450979210621824,36.01244823485767,129.32314913775045,8.582256317,1019.341552734,1.0,5.0
2144,2018-11-15 13:50:56,44.6611202217824,36.01244052639393,129.32314000271907,8.69323349,1019.328125,1.0,5.0
2145,2018-11-15 13:50:57,44.88007362343557,36.012434868257245,129.32313526610912,8.814777374,1019.3133544919999,1.0,5.0
2146,2018-11-15 13:50:58,45.01536160276103,36.012426352758204,129.32312566532815,8.968032837,1019.29498291,1.0,5.0
2147,2018-11-15 13:50:59,45.2396081741311,36.01242217191116,129.32312058411296,9.137142181,1019.274841309,1.0,5.0
2148,2018-11-15 13:51:00,45.37143606002785,36.01241519161225,129.3231095772872,9.300964355,1019.254821777,1.0,5.0
2149,2018-11-15 13:51:01,45.608163160140975,36.01240817371063,129.32310237754302,9.475357056,1019.2339477539999,1.0,5.0
2150,2018-11-15 13:51:02,45.793946008091744,36.01240579789504,129.32308746539258,9.623329163,1019.216186523,1.0,5.0
2151,2018-11-15 13:51:03,46.06950137418563,36.01240090678847,129.3230697227033,9.755443572999999,1019.199829102,1.0,5.0
2152,2018-11-15 13:51:04,46.41618227700596,36.012390292107064,129.32305216920574,9.882274628,1019.184509277,1.0,5.0
2153,2018-11-15 13:51:05,46.78205382798136,36.012381329986525,129.3230407723315,9.972114563,1019.173828125,1.0,5.0
2154,2018-11-15 13:51:06,46.98749397990507,36.012379422345255,129.32302740297322,10.1412239075,1019.153289795,1.0,5.0
2155,2018-11-15 13:51:07,47.150352143046646,36.01237239393607,129.32301774274745,10.305046082,1019.133850098,1.0,5.0
2156,2018-11-15 13:51:08,47.306075062632296,36.012366443473475,129.32300571634389,10.394886017000001,1019.122924805,1.0,5.0
2157,2018-11-15 13:51:09,47.477103897559616,36.01237316899956,129.3229914700647,10.447731017999999,1019.1164550780001,1.0,5.0
2158,2018-11-15 13:51:10,47.589101190232036,36.01237019509553,129.32298375661836,10.479438782,1019.112609863,1.0,5.0
2159,2018-11-15 13:51:11,47.694549881901615,36.01236934908226,129.32297422043342,10.479438782,1019.112609863,1.0,5.0
2160,2018-11-15 13:51:12,47.80326445932054,36.01236950850886,129.32296310599466,10.447731017999999,1019.1167602539999,1.0,5.0
2161,2018-11-15 13:51:13,47.921135886544846,36.01237365189688,129.322952026397,10.416023254,1019.120178223,1.0,5.0
2162,2018-11-15 13:51:14,48.01376867135715,36.01237843013988,129.32293692179337,10.389602661,1019.123291016,1.0,5.0
2163,2018-11-15 13:51:15,48.13888277991646,36.012380981302265,129.32292810469895,10.357894897000001,1019.12713623,1.0,5.0
2164,2018-11-15 13:51:16,48.22056685922945,36.012387846288746,129.32291804359147,10.357894897000001,1019.12713623,1.0,5.0
2165,2018-11-15 13:51:17,48.282046424387296,36.0123982210779,129.32288358251074,10.384315491,1019.124084473,1.0,5.0
2166,2018-11-15 13:51:18,48.55592433085428,36.012403168361786,129.32287581445956,10.426593781000001,1019.119262695,1.0,5.0
2167,2018-11-15 13:51:19,48.62676304923534,36.01241733658593,129.32285764976487,10.474155426,1019.113037109,1.0,5.0
2168,2018-11-15 13:51:20,48.71859270964767,36.012427473187344,129.32284289406203,10.553424835,1019.1039428710001,1.0,5.0
2169,2018-11-15 13:51:21,48.80551768008341,36.01243775724802,129.32282931864572,10.674972534,1019.0888977055,1.0,5.0
2170,2018-11-15 13:51:22,48.87952389783013,36.01245117796267,129.32281135091014,10.801803589,1019.0734863280001,1.0,5.0
2171,2018-11-15 13:51:23,48.974602284497365,36.01245930730889,129.32279319333978,10.881072997999999,1019.064453125,1.0,5.0
2172,2018-11-15 13:51:24,49.10792604113286,36.01246821122982,129.32277017759012,10.912780762,1019.0601196289999,1.0,5.0
2173,2018-11-15 13:51:25,49.284453454638175,36.01247781188858,129.3227556095002,10.986766815,1019.0512084960001,1.0,5.0
2174,2018-11-15 13:51:26,49.3785779061938,36.01248845083165,129.32275213472892,11.018474579000001,1019.047546387,1.0,5.0
2175,2018-11-15 13:51:27,49.35510689798022,36.01249565781187,129.3227478716573,11.060749054,1019.0422363280001,1.0,5.0
2176,2018-11-15 13:51:28,49.34943643290104,36.01250452229493,129.32274536131877,11.066036224000001,1019.041809082,1.0,5.0
2177,2018-11-15 13:51:29,49.315628877359934,36.012512737137754,129.32274153093138,11.076602935999999,1019.0405273439999,1.0,5.0
2178,2018-11-15 13:51:30,49.292575728006994,36.01251981611865,129.32273171259064,11.081890106,1019.039855957,1.0,5.0
2179,2018-11-15 13:51:31,49.33457278123575,36.01252627208266,129.32272183683392,11.081890106,1019.0399169919999,1.0,5.0
2180,2018-11-15 13:51:32,49.38643255125589,36.012537734598844,129.322714718034,11.087173462,1019.0395507810001,1.0,5.0
2181,2018-11-15 13:51:33,49.37592181194933,36.01254275963703,129.32270592501447,11.11359787,1019.0362548830001,1.0,5.0
2182,2018-11-15 13:51:34,49.41969495676866,36.012549145913944,129.3227000382337,11.134735107000001,1019.033569336,1.0,5.0
2183,2018-11-15 13:51:35,49.43118591871154,36.012556300414964,129.32269156344998,11.161157608,1019.03024292,1.0,5.0
2184,2018-11-15 13:51:36,49.4562920766734,36.0125744477402,129.32268205004866,11.187580109,1019.026977539,1.0,5.0
2185,2018-11-15 13:51:37,49.4071669502821,36.01258610463624,129.32267431637356,11.187580109,1019.026977539,1.0,5.0
2186,2018-11-15 13:51:38,49.38111262245741,36.01259361773942,129.32266271754494,11.171726227,1019.028930664,1.0,5.0
2187,2018-11-15 13:51:39,49.420825152321434,36.01260908450959,129.32264304027925,11.166442871,1019.029418945,1.0,5.0
2188,2018-11-15 13:51:40,49.47004634427267,36.01262452884172,129.32262719292513,11.166442871,1019.029418945,1.0,5.0
2189,2018-11-15 13:51:41,49.48162892489359,36.012636798186435,129.32260664057358,11.140018462999999,1019.0328979489999,1.0,5.0
2190,2018-11-15 13:51:42,49.54871201816076,36.01265141972772,129.32260399496292,11.140018462999999,1019.0328979489999,1.0,5.0
2191,2018-11-15 13:51:43,49.45252649814177,36.01265701068982,129.32259283739214,11.150588989000001,1019.0316772460001,1.0,5.0
2192,2018-11-15 13:51:44,49.48336509946017,36.012663730548226,129.3225756403063,11.177013397,1019.028259277,1.0,5.0
2193,2018-11-15 13:51:45,49.56272154259983,36.01266543163265,129.32256865040495,11.198150635,1019.025634766,1.0,5.0
2194,2018-11-15 13:51:46,49.6100775055173,36.012667884972785,129.32256027110503,11.224575043,1019.022521973,1.0,5.0
2195,2018-11-15 13:51:47,49.65796877197506,36.012677839249186,129.3225545059494,11.224575043,1019.022521973,1.0,5.0
2196,2018-11-15 13:51:48,49.61708223944114,36.01268692003397,129.3225444571587,11.224575043,1019.022827148,1.0,5.0
2197,2018-11-15 13:51:49,49.60626446021121,36.0127004933814,129.32253007948108,11.219291687,1019.023376465,1.0,5.0
2198,2018-11-15 13:51:50,49.586416660559685,36.012717198430344,129.3225284046452,11.227218628,1019.0222167969999,1.0,5.0
2199,2018-11-15 13:51:51,49.43995479929572,36.01273213130385,129.32252412744552,11.282707214,1019.015869141,1.0,5.0
2200,2018-11-15 13:51:52,49.31510200916542,36.01274120198293,129.32251505110287,11.282707214,1019.015380859,1.0,5.0
2201,2018-11-15 13:51:53,49.279689636646516,36.012745986382825,129.32250849843564,11.303844452,1019.0131835939999,1.0,5.0
2202,2018-11-15 13:51:54,49.275372489970806,36.012764261079866,129.3224942556683,11.314414978,1019.011535645,1.0,5.0
2203,2018-11-15 13:51:55,49.209558390049324,36.012777956835095,129.3224838740912,11.314414978,1019.011535645,1.0,5.0
2204,2018-11-15 13:51:56,49.173190297928286,36.012790960092204,129.32247055801164,11.314414978,1019.011535645,1.0,5.0
2205,2018-11-15 13:51:57,49.21921855829624,36.01280031997077,129.32245672784143,11.319698334000002,1019.0112915039999,1.0,5.0
2206,2018-11-15 13:51:58,49.30444729986039,36.01281307276554,129.3224469710907,11.340835571,1019.008422852,1.0,5.0
2207,2018-11-15 13:51:59,49.335622609319536,36.012821896887445,129.32242410775135,11.361976624,1019.0063476560001,1.0,5.0
2208,2018-11-15 13:52:00,49.52101019031427,36.01282930573256,129.32241128754757,11.388397217,1019.002746582,1.0,5.0
2209,2018-11-15 13:52:01,49.63041961491766,36.01284086105047,129.3224067121456,11.393684387,1019.00213623,1.0,5.0
2210,2018-11-15 13:52:02,49.626274955571354,36.012847274377016,129.32238854273456,11.404251099000001,1019.000976562,1.0,5.0
2211,2018-11-15 13:52:03,49.78261479261525,36.012855173068814,129.32238007318261,11.430675507,1018.997680664,1.0,5.0
2212,2018-11-15 13:52:04,49.84730273139776,36.012864427057515,129.3223729908578,11.488805771,1018.9906311035,1.0,5.0
2213,2018-11-15 13:52:05,49.88275483216078,36.012879676569035,129.32236832752528,11.573360443,1018.98034668,1.0,5.0
2214,2018-11-15 13:52:06,49.860942223633565,36.01289512409225,129.32234520805272,11.652629852,1018.97088623,1.0,5.0
2215,2018-11-15 13:52:07,50.03875134974373,36.01290356561716,129.32232867150998,11.71604538,1018.963134766,1.0,5.0
2216,2018-11-15 13:52:08,50.2020667777356,36.012912706145784,129.3223250108822,11.768894196,1018.9566040039999,1.0,5.0
2217,2018-11-15 13:52:09,50.2187759755641,36.01291886538525,129.32232503998117,11.837593079000001,1018.9489135739999,1.0,5.0
2218,2018-11-15 13:52:10,50.1927750813821,36.012923542715995,129.32231997747877,11.901008606,1018.941040039,1.0,5.0
2219,2018-11-15 13:52:11,50.227226383565466,36.01292994906026,129.3223178982608,11.959140778,1018.933776855,1.0,5.0
2220,2018-11-15 13:52:12,50.226510442006465,36.01293706349861,129.32230500216195,12.048976898,1018.923278809,1.0,5.0
2221,2018-11-15 13:52:13,50.3447616017568,36.01294386516392,129.3222902654625,12.091255188,1018.917907715,1.0,5.0
2222,2018-11-15 13:52:14,50.49977290547598,36.012947958190715,129.32228022818578,12.138816833,1018.912109375,1.0,5.0
2223,2018-11-15 13:52:15,50.6162521242268,36.01294899247337,129.32227102767263,12.223369598,1018.90234375,1.0,5.0
2224,2018-11-15 13:52:16,50.73164531587727,36.01295310126958,129.32225833249797,12.270931244000002,1018.896484375,1.0,5.0
2225,2018-11-15 13:52:17,50.876895114778655,36.01295058213218,129.32224583459416,12.297355652,1018.892944336,1.0,5.0
2226,2018-11-15 13:52:18,51.047316090762536,36.01294900056446,129.32223202783265,12.302639008,1018.892333984,1.0,5.0
2227,2018-11-15 13:52:19,51.23169369861482,36.01294467767699,129.32221569343272,12.265647888,1018.8967895510001,1.0,5.0
2228,2018-11-15 13:52:20,51.46364388005436,36.01294574685282,129.32220065535057,12.23922348,1018.900024414,1.0,5.0
2229,2018-11-15 13:52:21,51.67826879932136,36.012944418788216,129.3221908095226,12.23922348,1018.900024414,1.0,5.0
2230,2018-11-15 13:52:22,51.83163589329885,36.01295711785054,129.32217089232972,12.23922348,1018.900024414,1.0,5.0
2231,2018-11-15 13:52:23,52.06395258316533,36.0129657777937,129.32214956166524,12.270931244000002,1018.896606445,1.0,5.0
2232,2018-11-15 13:52:24,52.335571398148076,36.012968520796264,129.32213975432077,12.339633942,1018.8882446289999,1.0,5.0
2233,2018-11-15 13:52:25,52.48094617027135,36.01297434655747,129.32213066353523,12.408332825,1018.879943848,1.0,5.0
2234,2018-11-15 13:52:26,52.59442926515946,36.01298297802038,129.32211121698322,12.487602234,1018.870483398,1.0,5.0
2235,2018-11-15 13:52:27,52.82983687030257,36.01298806550485,129.3220958745132,12.577442169000001,1018.859130859,1.0,5.0
2236,2018-11-15 13:52:28,53.035730078326644,36.012993182594826,129.32208482372891,12.651428223,1018.850158691,1.0,5.0
2237,2018-11-15 13:52:29,53.18295743013493,36.012999726075286,129.32206954757586,12.735980988,1018.840393066,1.0,5.0
2238,2018-11-15 13:52:30,53.37446391775714,36.0130034346941,129.32205946932143,12.794113159,1018.8335571289999,1.0,5.0
2239,2018-11-15 13:52:31,53.51221197862874,36.01300974090851,129.32205448549075,12.857528687,1018.825622559,1.0,5.0
2240,2018-11-15 13:52:32,53.57014495732332,36.01301560341317,129.32204263704358,12.9526519775,1018.8141784664999,1.0,5.0
2241,2018-11-15 13:52:33,53.71050017535879,36.01302098624964,129.3220330837824,13.10062027,1018.796264648,1.0,5.0
2242,2018-11-15 13:52:34,53.830903952777575,36.01303070333642,129.32203328148165,13.232738495,1018.7800292969999,1.0,5.0
2243,2018-11-15 13:52:35,53.80890044624211,36.01303575071205,129.3220298249717,13.370136260999999,1018.763916016,1.0,5.0
2244,2018-11-15 13:52:36,53.835140952522146,36.013048974954856,129.3220165312817,13.459976196,1018.752746582,1.0,5.0
2245,2018-11-15 13:52:37,53.96720454782789,36.01305749567889,129.32200212936883,13.544532775999999,1018.742980957,1.0,5.0
2246,2018-11-15 13:52:38,54.131864307016684,36.013066526224215,129.32199438976642,13.602661133,1018.7354736330001,1.0,5.0
2247,2018-11-15 13:52:39,54.18503148532814,36.01307484628306,129.32198282637094,13.745346069000002,1018.718383789,1.0,5.0
2248,2018-11-15 13:52:40,54.28404784915538,36.0130790873444,129.32197112264106,13.845756531,1018.7061767580001,1.0,5.0
2249,2018-11-15 13:52:41,54.41946141791115,36.013087630219346,129.3219578694577,13.92502594,1018.6967773439999,1.0,5.0
2250,2018-11-15 13:52:42,54.551703183722275,36.01308812617537,129.32194685098,14.020149231,1018.684997559,1.0,5.0
2251,2018-11-15 13:52:43,54.708621665723285,36.0130963061922,129.3219462614181,14.131126404000002,1018.671813965,1.0,5.0
2252,2018-11-15 13:52:44,54.67900177686286,36.013100826125026,129.3219441348379,14.247386932000001,1018.657592773,1.0,5.0
2253,2018-11-15 13:52:45,54.67333440467603,36.01310171167524,129.32194172238007,14.437633514000002,1018.635009766,1.0,5.0
2254,2018-11-15 13:52:46,54.68395998923469,36.01310145041701,129.3219408387549,14.7758522035,1018.5942993164999,1.0,5.0
2255,2018-11-15 13:52:47,54.69290523812026,36.01310156148024,129.3219398819317,15.166915894,1018.547241211,1.0,5.0
2256,2018-11-15 13:52:48,54.699801044747076,36.013101780995,129.32193896869558,15.431148529000001,1018.5148925780001,1.0,5.0
2257,2018-11-15 13:52:49,54.70548940470666,36.01310205446584,129.32193756129757,15.70066452,1018.48236084,1.0,5.0
2258,2018-11-15 13:52:50,54.7141881235151,36.01310246938254,129.3219374136772,15.970180510999999,1018.4500732419999,1.0,5.0
2259,2018-11-15 13:52:51,54.71343751199751,36.013095428376936,129.32192860625906,16.181568146,1018.424438477,1.0,5.0
2260,2018-11-15 13:52:52,54.819579644449256,36.01308296742272,129.32192155682114,16.340106964,1018.405212402,1.0,5.0
2261,2018-11-15 13:52:53,54.956570963407316,36.01307756888769,129.32192127757708,16.488075256,1018.387695312,1.0,5.0
2262,2018-11-15 13:52:54,55.00569413705118,36.013077614522366,129.32191873652374,16.636043549,1018.369689941,1.0,5.0
2263,2018-11-15 13:52:55,55.02744300226714,36.013077344798326,129.32191881041945,16.789299011,1018.3511352539999,1.0,5.0
2264,2018-11-15 13:52:56,55.030785186152,36.01307449231577,129.32191797116883,16.984832764,1018.327331543,1.0,5.0
2265,2018-11-15 13:52:57,55.0543760878901,36.01307362649995,129.32191848071548,17.212070465,1018.300415039,1.0,5.0
2266,2018-11-15 13:52:58,55.05867151839594,36.01307212206333,129.32191916736326,17.476303101,1018.2683105469999,1.0,5.0
2267,2018-11-15 13:52:59,55.063811449630116,36.01307047989476,129.32192113828393,17.68768692,1018.243103027,1.0,5.0
2268,2018-11-15 13:53:00,55.06136600061486,36.01306997347237,129.32192093079203,17.872650145999998,1018.220336914,1.0,5.0
2269,2018-11-15 13:53:01,55.06564644960983,36.0130693475624,129.32192001727492,18.0153369905,1018.2032470705001,1.0,5.0
2270,2018-11-15 13:53:02,55.07602398791754,36.01306941378965,129.32191917716528,18.062896729000002,1018.197631836,1.0,5.0
2271,2018-11-15 13:53:03,55.08223218242213,36.013069169563096,129.32191905828108,18.07875061,1018.1958007810001,1.0,5.0
2272,2018-11-15 13:53:04,55.08515326432378,36.013069182975514,129.3219188576783,18.07875061,1018.1958007810001,1.0,5.0
2273,2018-11-15 13:53:05,55.08669506733814,36.013068412047026,129.32191833919546,18.094604492000002,1018.193969727,1.0,5.0
2274,2018-11-15 13:53:06,55.09504779500286,36.01306825639337,129.32191719607337,18.115745544,1018.19140625,1.0,5.0
2275,2018-11-15 13:53:07,55.10442493788654,36.01306494320439,129.3219148485669,18.16330719,1018.185424805,1.0,5.0
2276,2018-11-15 13:53:08,55.141246746413174,36.01306746003613,129.32190196342904,18.195014954,1018.181884766,1.0,5.0
2277,2018-11-15 13:53:09,55.21477450832053,36.01306219159657,129.32189765213752,18.221435547000002,1018.178771973,1.0,5.0
2278,2018-11-15 13:53:10,55.281927241786654,36.013043644104364,129.3219159142799,18.242576599,1018.1762695310001,1.0,5.0
2279,2018-11-15 13:53:11,55.24827462572895,36.013040649743346,129.32191151882935,18.253143311,1018.1745605469999,1.0,5.0
2280,2018-11-15 13:53:12,55.283093720812644,36.01303809018338,129.32193031579598,18.268997192,1018.172668457,1.0,5.0
2281,2018-11-15 13:53:13,55.17306626142452,36.01303978371554,129.32193613129166,18.300704956,1018.1690673830001,1.0,5.0
2282,2018-11-15 13:53:14,55.118894112409535,36.01304062294828,129.3219230648393,18.327129364,1018.165405273,1.0,5.0
2283,2018-11-15 13:53:15,55.19542803886547,36.01303959312713,129.3219184513153,18.4011154175,1018.1568298339998,1.0,5.0
2284,2018-11-15 13:53:16,55.2363082076341,36.0130378340294,129.32191711862458,18.485668182,1018.146850586,1.0,5.0
2285,2018-11-15 13:53:17,54.232464153967896,36.013036348156994,129.3219143540036,18.51209259,1018.143249512,1.0,5.0
2286,2018-11-15 13:53:18,55.17707694365606,36.013034879075164,129.32191495151295,18.564937592,1018.136901855,1.0,5.0
2287,2018-11-15 13:53:19,54.14988613881178,36.01303286092031,129.32191232317206,18.596645355,1018.1333007810001,1.0,5.0
2288,2018-11-15 13:53:20,55.193277455128744,36.013032514559995,129.3219095694183,18.607215881,1018.131774902,1.0,5.0
2289,2018-11-15 13:53:21,55.31658860214129,36.013031334791215,129.32190704074975,18.607215881,1018.131774902,1.0,5.0
2290,2018-11-15 13:53:22,55.34912769413748,36.013029769633604,129.32190651957026,18.591362,1018.1339111330001,1.0,5.0
2291,2018-11-15 13:53:23,54.15009580434381,36.01302976218128,129.3219081805758,18.570224762,1018.136474609,1.0,5.0
2292,2018-11-15 13:53:24,53.15822159389933,36.01302951032812,129.32190587821032,18.54908371,1018.138793945,1.0,5.0
2293,2018-11-15 13:53:25,52.33831243546578,36.0130294181777,129.32190386248388,18.54908371,1018.1389770510001,1.0,5.0
2294,2018-11-15 13:53:26,51.66117816933814,36.0130293016219,129.32190390624487,18.54908371,1018.1389770510001,1.0,5.0
2295,2018-11-15 13:53:27,51.10243192936798,36.01302920971382,129.32190362378338,18.570224762,1018.136474609,1.0,5.0
2296,2018-11-15 13:53:28,51.10243196510227,36.01302920971382,129.32190362378338,18.570224762,1018.136474609,1.0,5.0
2297,2018-11-15 13:53:29,51.102432000836565,36.01302920971382,129.32190362378338,18.554368973000003,1018.138549805,1.0,5.0
2298,2018-11-15 13:53:30,51.102432036570846,36.01302920971382,129.32190362378336,18.527946472,1018.141418457,1.0,5.0
2299,2018-11-15 13:53:31,51.102432072305135,36.01302920971382,129.32190362378336,18.522663116,1018.14239502,1.0,5.0
2300,2018-11-15 13:53:32,51.102432108039416,36.013029209713814,129.32190362378336,18.522663116,1018.14239502,1.0,5.0
2301,2018-11-15 13:53:33,51.1024321437737,36.013029209713814,129.32190362378336,18.570224762,1018.13684082,1.0,5.0
2302,2018-11-15 13:53:34,51.10243217950799,36.013029209713814,129.32190362378333,18.633640289000002,1018.128662109,1.0,5.0
2303,2018-11-15 13:53:35,51.102432215242274,36.013029209713814,129.32190362378333,18.654777527,1018.126342773,1.0,5.0
2304,2018-11-15 13:53:36,51.10243225097656,36.013029209713814,129.32190362378333,18.712909698,1018.119262695,1.0,5.0
2305,2018-11-15 13:53:37,51.10902786254883,36.01299619849911,129.32188035155235,18.712909698,1018.119262695,1.0,5.0
2306,2018-11-15 13:53:38,51.115623474121094,36.012963187284406,129.32185707932138,18.660060883,1018.1254882810001,1.0,5.0
2307,2018-11-15 13:53:39,51.12221908569336,36.01293017606969,129.32183380709043,18.644207000999998,1018.127319336,1.0,5.0
2308,2018-11-15 13:53:40,51.12881469726562,36.01289716485499,129.32181053485942,18.638923645,1018.128112793,1.0,5.0
2309,2018-11-15 13:53:41,51.13541030883789,36.01286415364029,129.32178726262848,18.644207000999998,1018.127319336,1.0,5.0
2310,2018-11-15 13:53:42,51.142005920410156,36.01283114242558,129.3217639903975,18.649494171,1018.126953125,1.0,5.0
2311,2018-11-15 13:53:43,51.14860153198242,36.012798131210864,129.32174071816655,18.670631409000002,1018.124633789,1.0,5.0
2312,2018-11-15 13:53:44,51.15519714355469,36.01276511999617,129.32171744593558,18.654777527,1018.1262207030001,1.0,5.0
2313,2018-11-15 13:53:45,51.16179275512695,36.012732108781464,129.3216941737046,18.644207000999998,1018.1274414060001,1.0,5.0
2314,2018-11-15 13:53:46,51.16179275512695,36.012720870404785,129.32168625087894,18.623069763,1018.1301269530001,1.0,5.0
2315,2018-11-15 13:53:47,51.16179275512695,36.01270963202809,129.32167832805334,18.607215881,1018.1317138669999,1.0,5.0
2316,2018-11-15 13:53:48,51.16179275512695,36.012698393651405,129.3216704052277,18.607215881,1018.131835938,1.0,5.0
2317,2018-11-15 13:53:49,51.124216291639534,36.01269919414196,129.32164990423172,18.607215881,1018.131835938,1.0,5.0
2318,2018-11-15 13:53:50,51.08663982815213,36.012699994632506,129.32162940323573,18.633640289000002,1018.12902832,1.0,5.0
2319,2018-11-15 13:53:51,51.04906336466472,36.012700795123074,129.32160890223977,18.638923645,1018.128295898,1.0,5.0
2320,2018-11-15 13:53:52,51.011486901177314,36.012701595613635,129.32158840124376,18.638923645,1018.127929688,1.0,5.0
2321,2018-11-15 13:53:53,50.97391043768989,36.01270239610418,129.3215679002478,18.649494171,1018.12677002,1.0,5.0
2322,2018-11-15 13:53:54,50.93633397420248,36.01270319659473,129.3215473992518,18.670631409000002,1018.124389648,1.0,5.0
2323,2018-11-15 13:53:55,50.898757510715065,36.012703997085296,129.32152689825585,18.681201935,1018.122680664,1.0,5.0
2324,2018-11-15 13:53:56,50.86118104722765,36.01270479757585,129.32150639725984,18.702339172000002,1018.120483398,1.0,5.0
2325,2018-11-15 13:53:57,50.82360458374024,36.012705598066404,129.32148589626385,18.712907791,1018.119354248,1.0,5.0
2326,2018-11-15 13:53:58,50.990025838216155,36.012690055182965,129.32145514161525,18.686485291,1018.122070312,1.0,5.0
2327,2018-11-15 13:53:59,51.15644709269206,36.01267451229951,129.3214243869667,18.660060883,1018.125610352,1.0,5.0
2328,2018-11-15 13:54:00,51.32286834716797,36.01265896941606,129.32139363231806,18.644207000999998,1018.127319336,1.0,5.0
2329,2018-11-15 13:54:01,51.48928960164389,36.01264342653262,129.32136287766946,18.638923645,1018.128356934,1.0,5.0
2330,2018-11-15 13:54:02,51.655710856119796,36.012627883649174,129.32133212302088,18.638923645,1018.1284179689999,1.0,5.0
2331,2018-11-15 13:54:03,51.8221321105957,36.01261234076573,129.32130136837227,18.633640289000002,1018.128540039,1.0,5.0
2332,2018-11-15 13:54:04,51.8221321105957,36.01261234076573,129.32130136837227,18.623069763,1018.1301269530001,1.0,5.0
2333,2018-11-15 13:56:23,53.16011667251587,36.01261594821632,129.32130488817577,0.0,1018.109436035,1.0,5.0
2334,2018-11-15 13:56:24,53.3269100189209,36.012599209640484,129.32129725383317,-0.10041046099999999,1018.121459961,1.0,5.0
2335,2018-11-15 13:56:25,53.49370336532593,36.01258247106465,129.32128961949056,-0.169109344,1018.1297607419999,1.0,5.0
2336,2018-11-15 13:56:26,53.66049671173096,36.01256573248883,129.32128198514795,-0.169109344,1018.1297607419999,1.0,5.0
2337,2018-11-15 13:56:27,53.82729005813599,36.012548993912986,129.32127435080537,-0.08455658,1018.119750977,1.0,5.0
2338,2018-11-15 13:56:28,53.99408340454102,36.012532255337156,129.32126671646276,0.0,1018.109436035,1.0,5.0
2339,2018-11-15 13:56:29,53.98433430989584,36.01254208525261,129.32124087679495,0.021137238,1018.10736084,1.0,5.0
2340,2018-11-15 13:56:30,53.974585215250656,36.01255191516808,129.32121503712722,0.026420593,1018.106750488,1.0,5.0
2341,2018-11-15 13:56:31,53.96483612060547,36.01256174508353,129.3211891974594,0.073982239,1018.100952148,1.0,5.0
2342,2018-11-15 13:56:32,53.955087025960296,36.012571574998994,129.32116335779165,0.12154769900000001,1018.095031738,1.0,5.0
2343,2018-11-15 13:56:33,53.94533793131511,36.01258140491446,129.32113751812383,0.20610046399999998,1018.084777832,1.0,5.0
2344,2018-11-15 13:56:34,53.93558883666992,36.012591234829905,129.32111167845605,0.301223755,1018.073181152,1.0,5.0
2345,2018-11-15 13:56:35,52.54159145355224,36.01252212836897,129.32108177322976,0.480899811,1018.051696777,1.0,5.0
2346,2018-11-15 13:56:36,51.14759407043458,36.012453021908044,129.3210518680035,0.6975708009999999,1018.025268555,1.0,5.0
2347,2018-11-15 13:56:37,50.86274604797363,36.01244224975589,129.321076284724,0.930095673,1017.997375488,1.0,5.0
2348,2018-11-15 13:56:38,50.79263954162597,36.01246397395701,129.32099728688112,1.310590744,1017.9516906739999,1.0,5.0
2349,2018-11-15 13:56:39,51.0242244720459,36.01247680637085,129.32102178963962,1.659374237,1017.9098510739999,1.0,5.0
2350,2018-11-15 13:56:40,58.4690177154541,36.012471282899405,129.32101675129346,1.860191345,1017.8851928710001,1.0,5.0
2351,2018-11-15 13:56:41,50.96849632263184,36.01253148785799,129.3210449275378,2.071578979,1017.8601074219999,1.0,5.0
2352,2018-11-15 13:56:42,50.995405960083005,36.01253038627844,129.32111017708846,2.261825562,1017.836975098,1.0,5.0
2353,2018-11-15 13:56:43,50.80440864562989,36.012530527356404,129.3211504146162,2.494350433,1017.80871582,1.0,5.0
2354,2018-11-15 13:56:44,50.67482490539551,36.01253663967324,129.32119511656012,2.7744331360000003,1017.77520752,1.0,5.0
2355,2018-11-15 13:56:45,50.54979362487794,36.012528780903125,129.3212253988134,3.065090179,1017.740112305,1.0,5.0
2356,2018-11-15 13:56:46,50.42621803283691,36.012541777756006,129.32121797938282,3.3398895260000003,1017.706787109,1.0,5.0
2357,2018-11-15 13:56:47,50.49236946105957,36.01254593653635,129.32122339887044,3.577701569,1017.678527832,1.0,5.0
2358,2018-11-15 13:56:48,50.488283920288076,36.01254384704693,129.3212204850685,3.7520942689999996,1017.6573486330001,1.0,5.0
2359,2018-11-15 13:56:49,50.49095497131349,36.012541077696056,129.32121958353858,3.9000625610000004,1017.639648438,1.0,5.0
2360,2018-11-15 13:56:50,50.48489875793457,36.012543168884385,129.32121642117133,4.037464142,1017.623046875,1.0,5.0
2361,2018-11-15 13:56:51,50.50192070007324,36.012544659727716,129.3212189520089,4.206573486,1017.6026611330001,1.0,5.0
2362,2018-11-15 13:56:52,50.49855613708496,36.0125466745489,129.32120190887645,4.396820068,1017.579833984,1.0,5.0
2363,2018-11-15 13:56:53,50.560299301147474,36.012549048149964,129.32119097882122,4.750890732,1017.5368347169999,1.0,5.0
2364,2018-11-15 13:56:54,50.60340690612793,36.012545364971906,129.32119548369474,5.110244751000001,1017.493347168,1.0,5.0
2365,2018-11-15 13:56:55,50.57687492370607,36.01254048414985,129.3211860410041,5.3269157410000005,1017.4676513669999,1.0,5.0
2366,2018-11-15 13:56:56,58.04744483947754,36.012445785008524,129.3210865692757,5.496025085,1017.447387695,1.0,5.0
2367,2018-11-15 13:56:57,58.970097686767595,36.01243419465229,129.32105769067525,5.66513443,1017.4266357419999,1.0,5.0
2368,2018-11-15 13:56:58,59.130450740051266,36.012429416411585,129.32104450462242,5.8553810120000005,1017.4038085939999,1.0,5.0
2369,2018-11-15 13:56:59,59.17537322189331,36.012416077625595,129.32103431711494,6.040340424,1017.3817138669999,1.0,5.0
2370,2018-11-15 13:57:00,59.19254094615175,36.012408748029216,129.32100593871886,6.241157532000001,1017.357421875,1.0,5.0
2371,2018-11-15 13:57:01,59.24942968513031,36.01241125554818,129.32099540262845,6.489536285,1017.3273925780001,1.0,5.0
2372,2018-11-15 13:57:02,59.28142394843246,36.01241729618781,129.3209897580169,6.743198395,1017.2963867189999,1.0,5.0
2373,2018-11-15 13:57:03,59.3056209943916,36.01242358228816,129.32099092678422,6.9704399110000015,1017.269592285,1.0,5.0
2374,2018-11-15 13:57:04,59.3141930427375,36.01242363069007,129.32099867703005,7.171253204,1017.245117188,1.0,5.0
2375,2018-11-15 13:57:05,59.296909073255684,36.012427099787296,129.32100595432814,7.324508667000001,1017.226318359,1.0,5.0
2376,2018-11-15 13:57:06,59.282340405311395,36.012433281464475,129.3210146118943,7.43548584,1017.213134766,1.0,5.0
2377,2018-11-15 13:57:07,59.26715749481582,36.01243871715867,129.32102892115842,7.477764129500001,1017.2084350585001,1.0,5.0
2378,2018-11-15 13:57:08,59.23561906216469,36.012447474049225,129.32104749823168,7.483047485,1017.207641602,1.0,5.0
2379,2018-11-15 13:57:09,59.19205613076481,36.01245508840918,129.32107283445214,7.483047485,1017.207641602,1.0,5.0
2380,2018-11-15 13:57:10,59.12452845090608,36.012461482799395,129.321094235926,7.483047485,1017.207641602,1.0,5.0
2381,2018-11-15 13:57:11,59.06090770196317,36.012470975687364,129.32110675428066,7.4936180110000015,1017.2065429689999,1.0,5.0
2382,2018-11-15 13:57:12,59.02008975548685,36.01247329862142,129.32112482396244,7.557033539,1017.198608398,1.0,5.0
2383,2018-11-15 13:57:13,58.95894085268492,36.01247445048012,129.32113672719998,7.61516571,1017.1917114260001,1.0,5.0
2384,2018-11-15 13:57:14,58.9142570842309,36.01247983000626,129.32114290521722,7.6732940670000005,1017.1844482419999,1.0,5.0
2385,2018-11-15 13:57:15,56.38647041964009,36.01248363088757,129.32115253422288,7.689147949,1017.182556152,1.0,5.0
2386,2018-11-15 13:57:16,54.53981258020411,36.012491547052655,129.32115954982874,7.689147949,1017.182556152,1.0,5.0
2387,2018-11-15 13:57:17,52.693154740768115,36.01249946321774,129.3211665654346,7.6732940670000005,1017.184570312,1.0,5.0
2388,2018-11-15 13:57:18,51.3690320043233,36.01250398755504,129.32117580756727,7.65215683,1017.18737793,1.0,5.0
