date,isStair,value
2018-11-14 01:13:31,1,1
2018-11-14 01:13:32,1,1
2018-11-14 01:13:33,1,1
2018-11-14 01:13:34,1,1
2018-11-14 01:13:35,1,1
2018-11-14 01:13:36,1,1
2018-11-14 01:13:37,1,1
2018-11-14 01:13:38,1,1
2018-11-14 01:13:39,1,1
2018-11-14 01:13:40,1,1
2018-11-14 01:13:41,1,1
2018-11-14 01:13:42,1,1
2018-11-14 11:24:24,1,1
2018-11-14 11:24:25,1,1
2018-11-14 11:24:26,1,1
2018-11-14 11:24:27,1,1
2018-11-14 11:40:24,1,7
2018-11-14 11:40:25,1,7
2018-11-14 11:40:26,1,7
2018-11-14 11:40:27,1,7
2018-11-14 11:40:28,1,7
2018-11-14 11:40:29,1,7
2018-11-14 11:40:30,1,7
2018-11-14 11:40:31,1,7
2018-11-14 11:40:32,1,7
2018-11-14 11:40:33,1,7
2018-11-14 11:40:34,1,7
2018-11-14 11:40:35,1,7
2018-11-14 11:40:36,1,7
2018-11-14 11:40:37,1,7
2018-11-14 11:40:38,1,7
2018-11-14 11:40:39,1,7
2018-11-14 11:40:40,1,7
2018-11-14 11:40:41,1,7
2018-11-14 11:40:42,1,7
2018-11-14 11:40:43,1,7
2018-11-14 11:40:44,1,7
2018-11-14 11:40:45,1,7
2018-11-14 11:40:46,1,7
2018-11-14 11:40:47,1,7
2018-11-14 11:40:48,1,7
2018-11-14 11:40:49,1,7
2018-11-14 11:40:50,1,7
2018-11-14 11:40:51,1,7
2018-11-14 11:40:52,1,7
2018-11-14 11:40:53,1,7
2018-11-14 11:40:54,1,7
2018-11-14 11:40:55,1,7
2018-11-14 11:40:56,1,7
2018-11-14 11:40:57,1,7
2018-11-14 11:40:58,1,7
2018-11-14 11:40:59,1,7
2018-11-14 11:41:00,1,7
2018-11-14 11:41:01,1,7
2018-11-14 11:41:02,1,7
2018-11-14 11:41:03,1,7
2018-11-14 11:41:04,1,7
2018-11-14 11:41:05,1,7
2018-11-14 11:41:06,1,7
2018-11-14 11:41:07,1,7
2018-11-14 11:41:08,1,7
2018-11-14 11:41:09,1,7
2018-11-14 11:41:10,1,7
2018-11-14 11:41:11,1,7
2018-11-14 11:41:12,1,7
2018-11-14 11:41:13,1,7
2018-11-14 11:41:14,1,7
2018-11-14 11:41:15,1,7
2018-11-14 11:41:16,1,7
2018-11-14 11:41:17,1,7
2018-11-14 11:41:18,1,7
2018-11-14 11:41:19,1,7
2018-11-14 11:41:20,1,7
2018-11-14 11:41:21,1,7
2018-11-14 11:41:22,1,7
2018-11-14 11:41:23,1,7
2018-11-14 11:41:24,1,7
2018-11-14 11:41:25,1,7
2018-11-14 11:41:26,1,7
2018-11-14 11:41:27,1,7
2018-11-14 11:41:28,1,7
2018-11-14 11:41:29,1,7
2018-11-14 11:41:30,1,7
2018-11-14 11:41:31,1,7
2018-11-14 11:41:32,1,7
2018-11-14 11:41:33,1,7
2018-11-14 11:41:34,1,7
2018-11-14 11:41:35,1,7
2018-11-14 11:41:36,1,7
2018-11-14 11:41:37,1,7
2018-11-14 11:41:38,1,7
2018-11-14 11:41:39,1,7
2018-11-14 11:41:40,1,7
2018-11-14 11:41:41,1,7
2018-11-14 11:41:42,1,7
2018-11-14 11:41:43,1,7
2018-11-14 11:41:44,1,7
2018-11-14 11:41:45,1,7
2018-11-14 11:41:46,1,7
2018-11-14 11:41:47,1,7
2018-11-14 11:41:48,1,7
2018-11-14 11:41:49,1,7
2018-11-14 11:41:50,1,7
2018-11-14 11:41:51,1,7
2018-11-14 11:41:52,1,7
2018-11-14 11:41:53,1,7
2018-11-14 11:41:54,1,7
2018-11-14 11:41:55,1,7
2018-11-14 11:41:56,1,7
2018-11-14 11:41:57,1,7
2018-11-14 11:41:58,1,7
2018-11-14 11:41:59,1,7
2018-11-14 11:42:00,1,7
2018-11-14 11:42:01,1,7
2018-11-14 11:42:02,1,7
2018-11-14 11:42:03,1,7
2018-11-14 11:42:04,1,7
2018-11-14 11:42:05,1,7
2018-11-14 11:42:06,1,7
2018-11-14 11:42:07,1,7
2018-11-14 11:42:08,1,7
2018-11-14 11:42:09,1,7
2018-11-14 11:42:10,1,7
2018-11-14 11:42:11,1,7
2018-11-14 11:42:12,1,7
2018-11-14 11:42:13,1,7
2018-11-14 11:42:14,1,7
2018-11-14 11:42:15,1,7
2018-11-14 11:42:16,1,7
2018-11-14 11:42:17,1,7
2018-11-14 11:42:18,1,7
2018-11-14 11:42:19,1,7
2018-11-14 11:42:20,1,7
2018-11-14 11:42:21,1,7
2018-11-14 11:42:22,1,7
2018-11-14 11:42:23,1,7
2018-11-14 11:42:24,1,7
2018-11-14 11:42:25,1,7
2018-11-14 11:42:26,1,7
2018-11-14 11:42:27,1,7
2018-11-14 11:42:28,1,7
2018-11-14 11:42:29,1,7
2018-11-14 11:42:30,1,7
2018-11-14 11:42:31,1,7
2018-11-14 11:42:32,1,7
2018-11-14 11:42:33,1,7
2018-11-14 11:42:34,1,7
2018-11-14 11:42:35,1,7
2018-11-14 11:42:36,1,7
2018-11-14 11:42:37,1,7
2018-11-14 11:42:38,1,7
2018-11-14 11:42:39,1,7
2018-11-14 11:42:40,1,7
2018-11-14 11:42:41,1,7
2018-11-14 11:42:42,1,7
2018-11-14 11:42:43,1,7
2018-11-14 11:42:44,1,7
2018-11-14 11:42:45,1,7
2018-11-14 11:42:46,1,7
2018-11-14 11:42:47,1,7
2018-11-14 11:42:48,1,7
2018-11-14 11:42:49,1,7
2018-11-14 11:42:50,1,7
2018-11-14 11:42:51,1,7
2018-11-14 11:42:52,1,7
2018-11-14 11:42:53,1,7
2018-11-14 11:42:54,1,7
2018-11-14 11:42:55,1,7
2018-11-14 11:42:56,1,7
2018-11-14 11:42:57,1,7
2018-11-14 11:42:58,1,7
2018-11-14 11:42:59,1,7
2018-11-14 11:43:00,1,7
2018-11-14 11:43:01,1,7
2018-11-14 11:43:02,1,7
2018-11-14 11:43:03,1,7
2018-11-14 11:43:04,1,7
2018-11-14 11:43:05,1,7
2018-11-14 11:43:06,1,7
2018-11-14 11:43:07,1,7
2018-11-14 11:43:08,1,7
2018-11-14 11:43:09,1,7
2018-11-14 11:43:10,1,7
2018-11-14 11:43:11,1,7
2018-11-14 11:43:12,1,7
2018-11-14 11:43:13,1,7
2018-11-14 11:43:14,1,7
2018-11-14 11:43:15,1,7
2018-11-14 11:43:16,1,7
2018-11-14 11:43:17,1,7
2018-11-14 11:43:18,1,7
2018-11-14 11:43:19,1,7
2018-11-14 11:43:20,1,7
2018-11-14 11:43:21,1,7
2018-11-14 11:43:22,1,7
2018-11-14 11:43:23,1,7
2018-11-14 11:43:24,1,7
2018-11-14 11:43:25,1,7
2018-11-14 11:43:26,1,7
2018-11-14 11:43:27,1,7
2018-11-14 11:43:28,1,7
2018-11-14 11:43:29,1,7
2018-11-14 11:43:30,1,7
2018-11-14 11:43:31,1,7
2018-11-14 11:43:32,1,7
2018-11-14 11:43:33,1,7
2018-11-14 11:43:34,1,7
2018-11-14 11:43:35,1,7
2018-11-14 11:43:36,1,7
2018-11-14 11:43:37,1,7
2018-11-14 11:43:38,1,7
2018-11-14 11:43:39,1,7
2018-11-14 11:43:40,1,7
2018-11-14 11:43:41,1,7
2018-11-14 11:43:42,1,7
2018-11-14 11:43:43,1,7
2018-11-14 11:43:44,1,7
2018-11-14 11:43:45,1,7
2018-11-14 11:43:46,1,7
2018-11-14 11:43:47,1,7
2018-11-14 11:43:48,1,7
2018-11-14 11:43:49,1,7
2018-11-14 11:43:50,1,7
2018-11-14 11:43:51,1,7
2018-11-14 11:43:52,1,7
2018-11-14 11:43:53,1,7
2018-11-14 11:43:54,1,7
2018-11-14 11:43:55,1,7
2018-11-14 11:43:56,1,7
2018-11-14 12:26:30,1,1
2018-11-14 12:26:31,1,1
2018-11-14 12:26:32,1,1
2018-11-14 12:26:33,1,1
2018-11-14 12:26:34,1,1
2018-11-14 12:26:35,1,1
2018-11-14 12:26:36,1,1
2018-11-14 14:32:26,1,1
2018-11-14 14:32:27,1,1
2018-11-14 14:32:28,1,1
2018-11-14 14:32:29,1,1
2018-11-14 15:20:45,1,2
2018-11-14 15:20:46,1,2
2018-11-14 15:20:47,1,2
2018-11-14 15:20:48,1,2
2018-11-14 15:20:49,1,2
2018-11-14 15:20:50,1,2
2018-11-14 15:20:51,1,2
2018-11-14 15:20:52,1,2
2018-11-14 15:20:53,1,2
2018-11-14 15:20:54,1,2
2018-11-14 15:20:55,1,2
2018-11-14 15:20:56,1,2
2018-11-14 15:20:57,1,2
2018-11-14 15:20:58,1,2
2018-11-14 15:20:59,1,2
2018-11-14 15:21:00,1,2
2018-11-14 15:21:01,1,2
2018-11-14 15:21:02,1,2
2018-11-14 15:21:03,1,2
2018-11-14 17:00:45,1,1
2018-11-14 17:00:46,1,1
2018-11-14 17:00:47,1,1
2018-11-14 17:00:48,1,1
2018-11-14 18:23:22,1,1
2018-11-14 18:23:23,1,1
2018-11-14 18:23:24,1,1
2018-11-14 18:23:25,1,1
2018-11-15 12:21:43,1,2
2018-11-15 12:21:44,1,2
2018-11-15 12:21:45,1,2
2018-11-15 12:21:46,1,2
2018-11-15 12:21:47,1,2
2018-11-15 12:21:48,1,2
2018-11-15 12:21:49,1,2
2018-11-15 12:21:50,1,2
2018-11-15 12:21:51,1,2
2018-11-15 12:21:52,1,2
2018-11-15 12:21:53,1,2
2018-11-15 12:21:54,1,2
2018-11-15 12:21:55,1,2
2018-11-15 12:21:56,1,2
2018-11-15 12:21:57,1,2
2018-11-15 12:21:58,1,2
2018-11-15 12:21:59,1,2
2018-11-15 12:22:00,1,2
2018-11-15 12:22:01,1,2
2018-11-15 12:22:02,1,2
2018-11-15 12:22:03,1,2
2018-11-15 12:22:04,1,2
2018-11-15 12:22:05,1,2
2018-11-15 12:22:06,1,2
2018-11-15 12:22:07,1,2
2018-11-15 12:22:08,1,2
2018-11-15 12:22:09,1,2
2018-11-15 12:22:10,1,2
2018-11-15 12:22:11,1,2
2018-11-15 12:22:12,1,2
2018-11-15 12:22:13,1,2
2018-11-15 12:22:14,1,2
2018-11-15 12:22:15,1,2
2018-11-15 12:22:16,1,2
2018-11-15 12:22:17,1,2
2018-11-15 12:22:18,1,2
2018-11-15 12:22:19,1,2
2018-11-15 12:22:20,1,2
2018-11-15 12:22:21,1,2
2018-11-15 12:22:22,1,2
2018-11-15 12:22:23,1,2
2018-11-15 12:22:24,1,2
2018-11-15 12:22:25,1,2
2018-11-15 12:22:26,1,2
2018-11-15 12:22:27,1,2
2018-11-15 12:22:28,1,2
2018-11-15 12:22:29,1,2
2018-11-15 12:22:30,1,2
2018-11-15 12:22:31,1,2
2018-11-15 12:22:32,1,2
2018-11-15 12:22:33,1,2
2018-11-15 12:22:34,1,2
2018-11-15 12:22:35,1,2
2018-11-15 12:22:36,1,2
2018-11-15 12:22:37,1,2
2018-11-15 12:22:38,1,2
2018-11-15 12:22:39,1,2
2018-11-15 12:22:40,1,2
2018-11-15 12:22:41,1,2
2018-11-15 12:22:42,1,2
2018-11-15 12:22:43,1,2
2018-11-15 12:22:44,1,2
2018-11-15 12:22:45,1,2
2018-11-15 12:22:46,1,2
2018-11-15 12:22:47,1,2
2018-11-15 12:22:48,1,2
2018-11-15 12:22:49,1,2
2018-11-15 12:22:50,1,2
2018-11-15 12:22:51,1,2
2018-11-15 12:22:52,1,2
2018-11-15 12:22:53,1,2
2018-11-15 12:22:54,1,2
2018-11-15 12:22:55,1,2
2018-11-15 12:22:56,1,2
2018-11-15 12:22:57,1,2
2018-11-15 12:22:58,1,2
2018-11-15 12:22:59,1,2
2018-11-15 12:23:00,1,2
2018-11-15 12:23:01,1,2
2018-11-15 12:23:02,1,2
2018-11-15 12:23:03,1,2
2018-11-15 12:23:04,1,2
2018-11-15 12:23:05,1,2
2018-11-15 12:23:06,1,2
2018-11-15 12:23:07,1,2
2018-11-15 12:23:08,1,2
2018-11-15 12:23:09,1,2
2018-11-15 12:23:10,1,2
2018-11-15 12:23:11,1,2
2018-11-15 12:23:12,1,2
2018-11-15 12:23:13,1,2
2018-11-15 12:23:14,1,2
2018-11-15 12:23:15,1,2
2018-11-15 12:23:16,1,2
2018-11-15 12:23:17,1,2
2018-11-15 12:23:18,1,2
2018-11-15 12:23:19,1,2
2018-11-15 12:23:20,1,2
2018-11-15 12:23:21,1,2
2018-11-15 12:23:22,1,2
2018-11-15 12:23:23,1,2
2018-11-15 12:23:24,1,2
2018-11-15 12:23:25,1,2
2018-11-15 12:23:26,1,2
2018-11-15 12:23:27,1,2
2018-11-15 12:23:28,1,2
2018-11-15 12:23:29,1,2
2018-11-15 12:23:30,1,2
2018-11-15 12:23:31,1,2
2018-11-15 12:23:32,1,2
2018-11-15 12:23:33,1,2
2018-11-15 12:23:34,1,2
2018-11-15 12:23:35,1,2
2018-11-15 12:23:36,1,2
2018-11-15 12:23:37,1,2
2018-11-15 12:23:38,1,2
2018-11-15 12:23:39,1,2
2018-11-15 12:23:40,1,2
2018-11-15 12:23:41,1,2
2018-11-15 12:23:42,1,2
2018-11-15 12:23:43,1,2
2018-11-15 12:23:44,1,2
2018-11-15 12:23:45,1,2
2018-11-15 12:23:46,1,2
2018-11-15 12:23:47,1,2
2018-11-15 12:23:48,1,2
2018-11-15 12:23:49,1,2
2018-11-15 12:23:50,1,2
2018-11-15 12:23:51,1,2
2018-11-15 12:23:52,1,2
2018-11-15 12:23:53,1,2
2018-11-15 12:23:54,1,2
2018-11-15 12:23:55,1,2
2018-11-15 12:23:56,1,2
2018-11-15 13:50:13,1,5
2018-11-15 13:50:14,1,5
2018-11-15 13:50:15,1,5
2018-11-15 13:50:16,1,5
2018-11-15 13:50:17,1,5
2018-11-15 13:50:18,1,5
2018-11-15 13:50:19,1,5
2018-11-15 13:50:20,1,5
2018-11-15 13:50:21,1,5
2018-11-15 13:50:22,1,5
2018-11-15 13:50:23,1,5
2018-11-15 13:50:24,1,5
2018-11-15 13:50:25,1,5
2018-11-15 13:50:26,1,5
2018-11-15 13:50:27,1,5
2018-11-15 13:50:28,1,5
2018-11-15 13:50:29,1,5
2018-11-15 13:50:30,1,5
2018-11-15 13:50:31,1,5
2018-11-15 13:50:32,1,5
2018-11-15 13:50:33,1,5
2018-11-15 13:50:34,1,5
2018-11-15 13:50:35,1,5
2018-11-15 13:50:36,1,5
2018-11-15 13:50:37,1,5
2018-11-15 13:50:38,1,5
2018-11-15 13:50:39,1,5
2018-11-15 13:50:40,1,5
2018-11-15 13:50:41,1,5
2018-11-15 13:50:42,1,5
2018-11-15 13:50:43,1,5
2018-11-15 13:50:44,1,5
2018-11-15 13:50:45,1,5
2018-11-15 13:50:46,1,5
2018-11-15 13:50:47,1,5
2018-11-15 13:50:48,1,5
2018-11-15 13:50:49,1,5
2018-11-15 13:50:50,1,5
2018-11-15 13:50:51,1,5
2018-11-15 13:50:52,1,5
2018-11-15 13:50:53,1,5
2018-11-15 13:50:54,1,5
2018-11-15 13:50:55,1,5
2018-11-15 13:50:56,1,5
2018-11-15 13:50:57,1,5
2018-11-15 13:50:58,1,5
2018-11-15 13:50:59,1,5
2018-11-15 13:51:00,1,5
2018-11-15 13:51:01,1,5
2018-11-15 13:51:02,1,5
2018-11-15 13:51:03,1,5
2018-11-15 13:51:04,1,5
2018-11-15 13:51:05,1,5
2018-11-15 13:51:06,1,5
2018-11-15 13:51:07,1,5
2018-11-15 13:51:08,1,5
2018-11-15 13:51:09,1,5
2018-11-15 13:51:10,1,5
2018-11-15 13:51:11,1,5
2018-11-15 13:51:12,1,5
2018-11-15 13:51:13,1,5
2018-11-15 13:51:14,1,5
2018-11-15 13:51:15,1,5
2018-11-15 13:51:16,1,5
2018-11-15 13:51:17,1,5
2018-11-15 13:51:18,1,5
2018-11-15 13:51:19,1,5
2018-11-15 13:51:20,1,5
2018-11-15 13:51:21,1,5
2018-11-15 13:51:22,1,5
2018-11-15 13:51:23,1,5
2018-11-15 13:51:24,1,5
2018-11-15 13:51:25,1,5
2018-11-15 13:51:26,1,5
2018-11-15 13:51:27,1,5
2018-11-15 13:51:28,1,5
2018-11-15 13:51:29,1,5
2018-11-15 13:51:30,1,5
2018-11-15 13:51:31,1,5
2018-11-15 13:51:32,1,5
2018-11-15 13:51:33,1,5
2018-11-15 13:51:34,1,5
2018-11-15 13:51:35,1,5
2018-11-15 13:51:36,1,5
2018-11-15 13:51:37,1,5
2018-11-15 13:51:38,1,5
2018-11-15 13:51:39,1,5
2018-11-15 13:51:40,1,5
2018-11-15 13:51:41,1,5
2018-11-15 13:51:42,1,5
2018-11-15 13:51:43,1,5
2018-11-15 13:51:44,1,5
2018-11-15 13:51:45,1,5
2018-11-15 13:51:46,1,5
2018-11-15 13:51:47,1,5
2018-11-15 13:51:48,1,5
2018-11-15 13:51:49,1,5
2018-11-15 13:51:50,1,5
2018-11-15 13:51:51,1,5
2018-11-15 13:51:52,1,5
2018-11-15 13:51:53,1,5
2018-11-15 13:51:54,1,5
2018-11-15 13:51:55,1,5
2018-11-15 13:51:56,1,5
2018-11-15 13:51:57,1,5
2018-11-15 13:51:58,1,5
2018-11-15 13:51:59,1,5
2018-11-15 13:52:00,1,5
2018-11-15 13:52:01,1,5
2018-11-15 13:52:02,1,5
2018-11-15 13:52:03,1,5
2018-11-15 13:52:04,1,5
2018-11-15 13:52:05,1,5
2018-11-15 13:52:06,1,5
2018-11-15 13:52:07,1,5
2018-11-15 13:52:08,1,5
2018-11-15 13:52:09,1,5
2018-11-15 13:52:10,1,5
2018-11-15 13:52:11,1,5
2018-11-15 13:52:12,1,5
2018-11-15 13:52:13,1,5
2018-11-15 13:52:14,1,5
2018-11-15 13:52:15,1,5
2018-11-15 13:52:16,1,5
2018-11-15 13:52:17,1,5
2018-11-15 13:52:18,1,5
2018-11-15 13:52:19,1,5
2018-11-15 13:52:20,1,5
2018-11-15 13:52:21,1,5
2018-11-15 13:52:22,1,5
2018-11-15 13:52:23,1,5
2018-11-15 13:52:24,1,5
2018-11-15 13:52:25,1,5
2018-11-15 13:52:26,1,5
2018-11-15 13:52:27,1,5
2018-11-15 13:52:28,1,5
2018-11-15 13:52:29,1,5
2018-11-15 13:52:30,1,5
2018-11-15 13:52:31,1,5
2018-11-15 13:52:32,1,5
2018-11-15 13:52:33,1,5
2018-11-15 13:52:34,1,5
2018-11-15 13:52:35,1,5
2018-11-15 13:52:36,1,5
2018-11-15 13:52:37,1,5
2018-11-15 13:52:38,1,5
2018-11-15 13:52:39,1,5
2018-11-15 13:52:40,1,5
2018-11-15 13:52:41,1,5
2018-11-15 13:52:42,1,5
2018-11-15 13:52:43,1,5
2018-11-15 13:52:44,1,5
2018-11-15 13:52:45,1,5
2018-11-15 13:52:46,1,5
2018-11-15 13:52:47,1,5
2018-11-15 13:52:48,1,5
2018-11-15 13:52:49,1,5
2018-11-15 13:52:50,1,5
2018-11-15 13:52:51,1,5
2018-11-15 13:52:52,1,5
2018-11-15 13:52:53,1,5
2018-11-15 13:52:54,1,5
2018-11-15 13:52:55,1,5
2018-11-15 13:52:56,1,5
2018-11-15 13:52:57,1,5
2018-11-15 13:52:58,1,5
2018-11-15 13:52:59,1,5
2018-11-15 13:53:00,1,5
2018-11-15 13:53:01,1,5
2018-11-15 13:53:02,1,5
2018-11-15 13:53:03,1,5
2018-11-15 13:53:04,1,5
2018-11-15 13:53:05,1,5
2018-11-15 13:53:06,1,5
2018-11-15 13:53:07,1,5
2018-11-15 13:53:08,1,5
2018-11-15 13:53:09,1,5
2018-11-15 13:53:10,1,5
2018-11-15 13:53:11,1,5
2018-11-15 13:53:12,1,5
2018-11-15 13:53:13,1,5
2018-11-15 13:53:14,1,5
2018-11-15 13:53:15,1,5
2018-11-15 13:53:16,1,5
2018-11-15 13:53:17,1,5
2018-11-15 13:53:18,1,5
2018-11-15 13:53:19,1,5
2018-11-15 13:53:20,1,5
2018-11-15 13:53:21,1,5
2018-11-15 13:53:22,1,5
2018-11-15 13:53:23,1,5
2018-11-15 13:53:24,1,5
2018-11-15 13:53:25,1,5
2018-11-15 13:53:26,1,5
2018-11-15 13:53:27,1,5
2018-11-15 13:53:28,1,5
2018-11-15 13:53:29,1,5
2018-11-15 13:53:30,1,5
2018-11-15 13:53:31,1,5
2018-11-15 13:53:32,1,5
2018-11-15 13:53:33,1,5
2018-11-15 13:53:34,1,5
2018-11-15 13:53:35,1,5
2018-11-15 13:53:36,1,5
2018-11-15 13:53:37,1,5
2018-11-15 13:53:38,1,5
2018-11-15 13:53:39,1,5
2018-11-15 13:53:40,1,5
2018-11-15 13:53:41,1,5
2018-11-15 13:53:42,1,5
2018-11-15 13:53:43,1,5
2018-11-15 13:53:44,1,5
2018-11-15 13:53:45,1,5
2018-11-15 13:53:46,1,5
2018-11-15 13:53:47,1,5
2018-11-15 13:53:48,1,5
2018-11-15 13:53:49,1,5
2018-11-15 13:53:50,1,5
2018-11-15 13:53:51,1,5
2018-11-15 13:53:52,1,5
2018-11-15 13:53:53,1,5
2018-11-15 13:53:54,1,5
2018-11-15 13:53:55,1,5
2018-11-15 13:53:56,1,5
2018-11-15 13:53:57,1,5
2018-11-15 13:53:58,1,5
2018-11-15 13:53:59,1,5
2018-11-15 13:54:00,1,5
2018-11-15 13:54:01,1,5
2018-11-15 13:54:02,1,5
2018-11-15 13:54:03,1,5
2018-11-15 13:54:04,1,5
2018-11-15 13:54:05,1,5
2018-11-15 13:54:06,1,5
2018-11-15 13:54:07,1,5
2018-11-15 13:54:08,1,5
2018-11-15 13:54:09,1,5
2018-11-15 13:54:10,1,5
2018-11-15 13:54:11,1,5
2018-11-15 13:54:12,1,5
2018-11-15 13:54:13,1,5
2018-11-15 13:54:14,1,5
2018-11-15 13:54:15,1,5
2018-11-15 13:54:16,1,5
2018-11-15 13:54:17,1,5
2018-11-15 13:54:18,1,5
2018-11-15 13:54:19,1,5
2018-11-15 13:54:20,1,5
2018-11-15 13:54:21,1,5
2018-11-15 13:54:22,1,5
2018-11-15 13:54:23,1,5
2018-11-15 13:54:24,1,5
2018-11-15 13:54:25,1,5
2018-11-15 13:54:26,1,5
2018-11-15 13:54:27,1,5
2018-11-15 13:54:28,1,5
2018-11-15 13:54:29,1,5
2018-11-15 13:54:30,1,5
2018-11-15 13:54:31,1,5
2018-11-15 13:54:32,1,5
2018-11-15 13:54:33,1,5
2018-11-15 13:54:34,1,5
2018-11-15 13:54:35,1,5
2018-11-15 13:54:36,1,5
2018-11-15 13:54:37,1,5
2018-11-15 13:54:38,1,5
2018-11-15 13:54:39,1,5
2018-11-15 13:54:40,1,5
2018-11-15 13:54:41,1,5
2018-11-15 13:54:42,1,5
2018-11-15 13:54:43,1,5
2018-11-15 13:54:44,1,5
2018-11-15 13:54:45,1,5
2018-11-15 13:54:46,1,5
2018-11-15 13:54:47,1,5
2018-11-15 13:54:48,1,5
2018-11-15 13:54:49,1,5
2018-11-15 13:54:50,1,5
2018-11-15 13:54:51,1,5
2018-11-15 13:54:52,1,5
2018-11-15 13:54:53,1,5
2018-11-15 13:54:54,1,5
2018-11-15 13:54:55,1,5
2018-11-15 13:54:56,1,5
2018-11-15 13:54:57,1,5
2018-11-15 13:54:58,1,5
2018-11-15 13:54:59,1,5
2018-11-15 13:55:00,1,5
2018-11-15 13:55:01,1,5
2018-11-15 13:55:02,1,5
2018-11-15 13:55:03,1,5
2018-11-15 13:55:04,1,5
2018-11-15 13:55:05,1,5
2018-11-15 13:55:06,1,5
2018-11-15 13:55:07,1,5
2018-11-15 13:55:08,1,5
2018-11-15 13:55:09,1,5
2018-11-15 13:55:10,1,5
2018-11-15 13:55:11,1,5
2018-11-15 13:55:12,1,5
2018-11-15 13:55:13,1,5
2018-11-15 13:55:14,1,5
2018-11-15 13:55:15,1,5
2018-11-15 13:55:16,1,5
2018-11-15 13:55:17,1,5
2018-11-15 13:55:18,1,5
2018-11-15 13:55:19,1,5
2018-11-15 13:55:20,1,5
2018-11-15 13:55:21,1,5
2018-11-15 13:55:22,1,5
2018-11-15 13:55:23,1,5
2018-11-15 13:55:24,1,5
2018-11-15 13:55:25,1,5
2018-11-15 13:55:26,1,5
2018-11-15 13:55:27,1,5
2018-11-15 13:55:28,1,5
2018-11-15 13:55:29,1,5
2018-11-15 13:55:30,1,5
2018-11-15 13:55:31,1,5
2018-11-15 13:55:32,1,5
2018-11-15 13:55:33,1,5
2018-11-15 13:55:34,1,5
2018-11-15 13:55:35,1,5
2018-11-15 13:55:36,1,5
2018-11-15 13:55:37,1,5
2018-11-15 13:55:38,1,5
2018-11-15 13:55:39,1,5
2018-11-15 13:55:40,1,5
2018-11-15 13:55:41,1,5
2018-11-15 13:55:42,1,5
2018-11-15 13:55:43,1,5
2018-11-15 13:55:44,1,5
2018-11-15 13:55:45,1,5
2018-11-15 13:55:46,1,5
2018-11-15 13:55:47,1,5
2018-11-15 13:55:48,1,5
2018-11-15 13:55:49,1,5
2018-11-15 13:55:50,1,5
2018-11-15 13:55:51,1,5
2018-11-15 13:55:52,1,5
2018-11-15 13:55:53,1,5
2018-11-15 13:55:54,1,5
2018-11-15 13:55:55,1,5
2018-11-15 13:55:56,1,5
2018-11-15 13:55:57,1,5
2018-11-15 13:55:58,1,5
2018-11-15 13:55:59,1,5
2018-11-15 13:56:00,1,5
2018-11-15 13:56:01,1,5
2018-11-15 13:56:02,1,5
2018-11-15 13:56:03,1,5
2018-11-15 13:56:04,1,5
2018-11-15 13:56:05,1,5
2018-11-15 13:56:06,1,5
2018-11-15 13:56:07,1,5
2018-11-15 13:56:08,1,5
2018-11-15 13:56:09,1,5
2018-11-15 13:56:10,1,5
2018-11-15 13:56:11,1,5
2018-11-15 13:56:12,1,5
2018-11-15 13:56:13,1,5
2018-11-15 13:56:14,1,5
2018-11-15 13:56:15,1,5
2018-11-15 13:56:16,1,5
2018-11-15 13:56:17,1,5
2018-11-15 13:56:18,1,5
2018-11-15 13:56:19,1,5
2018-11-15 13:56:20,1,5
2018-11-15 13:56:21,1,5
2018-11-15 13:56:22,1,5
2018-11-15 13:56:23,1,5
2018-11-15 13:56:24,1,5
2018-11-15 13:56:25,1,5
2018-11-15 13:56:26,1,5
2018-11-15 13:56:27,1,5
2018-11-15 13:56:28,1,5
2018-11-15 13:56:29,1,5
2018-11-15 13:56:30,1,5
2018-11-15 13:56:31,1,5
2018-11-15 13:56:32,1,5
2018-11-15 13:56:33,1,5
2018-11-15 13:56:34,1,5
2018-11-15 13:56:35,1,5
2018-11-15 13:56:36,1,5
2018-11-15 13:56:37,1,5
2018-11-15 13:56:38,1,5
2018-11-15 13:56:39,1,5
2018-11-15 13:56:40,1,5
2018-11-15 13:56:41,1,5
2018-11-15 13:56:42,1,5
2018-11-15 13:56:43,1,5
2018-11-15 13:56:44,1,5
2018-11-15 13:56:45,1,5
2018-11-15 13:56:46,1,5
2018-11-15 13:56:47,1,5
2018-11-15 13:56:48,1,5
2018-11-15 13:56:49,1,5
2018-11-15 13:56:50,1,5
2018-11-15 13:56:51,1,5
2018-11-15 13:56:52,1,5
2018-11-15 13:56:53,1,5
2018-11-15 13:56:54,1,5
2018-11-15 13:56:55,1,5
2018-11-15 13:56:56,1,5
2018-11-15 13:56:57,1,5
2018-11-15 13:56:58,1,5
2018-11-15 13:56:59,1,5
2018-11-15 13:57:00,1,5
2018-11-15 13:57:01,1,5
2018-11-15 13:57:02,1,5
2018-11-15 13:57:03,1,5
2018-11-15 13:57:04,1,5
2018-11-15 13:57:05,1,5
2018-11-15 13:57:06,1,5
2018-11-15 13:57:07,1,5
2018-11-15 13:57:08,1,5
2018-11-15 13:57:09,1,5
2018-11-15 13:57:10,1,5
2018-11-15 13:57:11,1,5
2018-11-15 13:57:12,1,5
2018-11-15 13:57:13,1,5
2018-11-15 13:57:14,1,5
2018-11-15 13:57:15,1,5
2018-11-15 13:57:16,1,5
2018-11-15 13:57:17,1,5
2018-11-15 13:57:18,1,5
2018-11-17 18:27:04,1,9
2018-11-17 18:27:05,1,9
2018-11-17 18:27:06,1,9
2018-11-17 18:27:07,1,9
2018-11-17 18:27:08,1,9
2018-11-17 18:27:09,1,9
2018-11-17 18:27:10,1,9
2018-11-17 18:27:11,1,9
2018-11-17 18:27:12,1,9
2018-11-17 18:27:13,1,9
2018-11-17 18:27:14,1,9
2018-11-17 18:27:15,1,9
2018-11-17 18:27:16,1,9
2018-11-17 18:27:17,1,9
2018-11-17 18:27:18,1,9
2018-11-17 18:27:19,1,9
2018-11-17 18:27:20,1,9
2018-11-17 18:27:21,1,9
2018-11-17 18:27:22,1,9
2018-11-17 18:27:23,1,9
2018-11-17 18:27:24,1,9
2018-11-17 18:27:25,1,9
2018-11-17 18:27:26,1,9
2018-11-17 18:27:27,1,9
2018-11-17 18:27:28,1,9
2018-11-17 18:27:29,1,9
2018-11-17 18:27:30,1,9
2018-11-17 18:27:31,1,9
2018-11-17 18:27:32,1,9
2018-11-17 18:27:33,1,9
2018-11-17 18:27:34,1,9
2018-11-17 18:27:35,1,9
2018-11-17 18:27:36,1,9
2018-11-17 18:27:37,1,9
2018-11-17 18:27:38,1,9
2018-11-17 18:27:39,1,9
2018-11-17 18:27:40,1,9
2018-11-17 18:27:41,1,9
2018-11-17 18:27:42,1,9
2018-11-17 18:27:43,1,9
2018-11-17 18:27:44,1,9
2018-11-17 18:27:45,1,9
2018-11-17 18:27:46,1,9
2018-11-17 18:27:47,1,9
2018-11-17 18:27:48,1,9
2018-11-17 18:27:49,1,9
2018-11-17 18:27:50,1,9
2018-11-17 18:27:51,1,9
2018-11-17 18:27:52,1,9
2018-11-17 18:27:53,1,9
2018-11-17 18:27:54,1,9
2018-11-17 18:27:55,1,9
2018-11-17 18:27:56,1,9
2018-11-17 18:27:57,1,9
2018-11-17 18:27:58,1,9
2018-11-17 18:27:59,1,9
2018-11-17 18:28:00,1,9
2018-11-17 18:28:01,1,9
2018-11-17 18:28:02,1,9
2018-11-17 18:28:03,1,9
2018-11-17 18:28:04,1,9
2018-11-17 18:28:05,1,9
2018-11-17 18:28:06,1,9
2018-11-17 18:28:07,1,9
2018-11-17 18:28:08,1,9
2018-11-17 18:28:09,1,9
2018-11-17 18:28:10,1,9
2018-11-17 18:28:11,1,9
2018-11-17 18:28:12,1,9
2018-11-17 18:28:13,1,9
2018-11-17 18:28:14,1,9
2018-11-17 18:28:15,1,9
2018-11-17 18:28:16,1,9
2018-11-17 18:28:17,1,9
2018-11-17 18:28:18,1,9
2018-11-17 18:28:19,1,9
2018-11-17 18:28:20,1,9
2018-11-17 18:28:21,1,9
2018-11-17 18:28:22,1,9
2018-11-17 18:28:23,1,9
2018-11-17 18:28:24,1,9
2018-11-17 18:28:25,1,9
2018-11-17 18:28:26,1,9
2018-11-17 18:28:27,1,9
2018-11-17 18:28:28,1,9
2018-11-17 18:28:29,1,9
2018-11-17 18:28:30,1,9
2018-11-17 18:28:31,1,9
2018-11-17 18:28:32,1,9
2018-11-17 18:28:33,1,9
2018-11-17 18:28:34,1,9
2018-11-17 18:28:35,1,9
2018-11-17 18:28:36,1,9
2018-11-17 18:28:37,1,9
2018-11-17 18:28:38,1,9
2018-11-17 18:28:39,1,9
2018-11-17 18:28:40,1,9
2018-11-17 18:28:41,1,9
2018-11-17 18:28:42,1,9
2018-11-17 18:28:43,1,9
2018-11-17 18:28:44,1,9
2018-11-17 18:28:45,1,9
2018-11-17 18:28:46,1,9
2018-11-17 18:28:47,1,9
2018-11-17 18:28:48,1,9
2018-11-17 18:28:49,1,9
2018-11-17 18:28:50,1,9
2018-11-17 18:28:51,1,9
2018-11-17 18:28:52,1,9
2018-11-17 18:28:53,1,9
2018-11-17 18:28:54,1,9
2018-11-17 18:28:55,1,9
2018-11-17 18:28:56,1,9
2018-11-17 18:28:57,1,9
2018-11-17 18:28:58,1,9
2018-11-17 18:28:59,1,9
2018-11-17 18:29:00,1,9
2018-11-17 18:29:01,1,9
2018-11-17 18:29:02,1,9
2018-11-17 18:29:03,1,9
2018-11-17 18:29:04,1,9
2018-11-17 18:29:05,1,9
2018-11-17 18:29:06,1,9
2018-11-17 18:29:07,1,9
2018-11-17 18:29:08,1,9
2018-11-17 18:29:09,1,9
2018-11-17 18:29:10,1,9
2018-11-17 18:29:11,1,9
2018-11-17 18:29:12,1,9
2018-11-17 18:29:13,1,9
2018-11-17 18:29:14,1,9
2018-11-17 18:29:15,1,9
2018-11-17 18:29:16,1,9
2018-11-17 18:29:17,1,9
2018-11-17 18:29:18,1,9
2018-11-17 18:29:19,1,9
2018-11-17 18:29:20,1,9
2018-11-17 18:29:21,1,9
2018-11-17 18:29:22,1,9
2018-11-17 18:29:23,1,9
2018-11-17 18:29:24,1,9
2018-11-17 18:29:25,1,9
2018-11-17 18:29:26,1,9
2018-11-17 18:29:27,1,9
2018-11-17 18:29:28,1,9
2018-11-17 18:29:29,1,9
2018-11-17 18:29:30,1,9
2018-11-17 18:29:31,1,9
2018-11-17 18:29:32,1,9
2018-11-17 18:29:33,1,9
2018-11-17 18:29:34,1,9
2018-11-17 18:29:35,1,9
2018-11-17 18:29:36,1,9
2018-11-17 18:29:37,1,9
2018-11-17 18:29:38,1,9
2018-11-17 18:29:39,1,9
2018-11-17 18:29:40,1,9
2018-11-17 18:29:41,1,9
2018-11-17 18:29:42,1,9
2018-11-17 18:29:43,1,9
2018-11-17 18:29:44,1,9
2018-11-17 18:29:45,1,9
2018-11-17 18:29:46,1,9
2018-11-17 18:29:47,1,9
2018-11-17 18:29:48,1,9
2018-11-17 18:29:49,1,9
2018-11-17 18:29:50,1,9
2018-11-17 18:29:51,1,9
2018-11-17 18:29:52,1,9
2018-11-17 18:29:53,1,9
2018-11-17 18:29:54,1,9
2018-11-17 18:29:55,1,9
2018-11-17 18:29:56,1,9
2018-11-17 18:29:57,1,9
2018-11-17 18:29:58,1,9
2018-11-17 18:29:59,1,9
2018-11-17 18:30:00,1,9
2018-11-17 18:30:01,1,9
2018-11-17 18:30:02,1,9
2018-11-17 18:30:03,1,9
2018-11-17 18:30:04,1,9
2018-11-17 18:30:05,1,9
2018-11-17 18:30:06,1,9
2018-11-17 18:30:07,1,9
2018-11-17 18:30:08,1,9
2018-11-17 18:30:09,1,9
2018-11-17 18:30:10,1,9
2018-11-17 18:30:11,1,9
2018-11-17 18:30:12,1,9
2018-11-17 18:30:13,1,9
2018-11-17 18:30:14,1,9
2018-11-17 18:30:15,1,9
2018-11-17 18:30:16,1,9
2018-11-17 18:30:17,1,9
2018-11-17 18:30:18,1,9
2018-11-17 18:30:19,1,9
2018-11-17 18:30:20,1,9
2018-11-17 18:30:21,1,9
2018-11-17 18:30:22,1,9
2018-11-17 18:30:23,1,9
2018-11-17 18:30:24,1,9
2018-11-17 18:30:25,1,9
2018-11-17 18:30:26,1,9
2018-11-17 18:30:27,1,9
2018-11-17 18:30:28,1,9
2018-11-17 18:30:29,1,9
2018-11-17 18:30:30,1,9
2018-11-17 18:30:31,1,9
2018-11-17 18:30:32,1,9
2018-11-17 18:30:33,1,9
2018-11-17 18:30:34,1,9
2018-11-17 18:30:35,1,9
2018-11-17 18:30:36,1,9
2018-11-17 18:30:37,1,9
2018-11-17 18:30:38,1,9
2018-11-17 18:30:39,1,9
2018-11-17 18:30:40,1,9
2018-11-17 18:30:41,1,9
2018-11-17 18:30:42,1,9
2018-11-17 18:30:43,1,9
2018-11-17 18:30:44,1,9
2018-11-17 18:30:45,1,9
2018-11-17 18:30:46,1,9
2018-11-17 18:30:47,1,9
2018-11-17 18:30:48,1,9
2018-11-17 18:30:49,1,9
2018-11-17 18:30:50,1,9
2018-11-17 18:30:51,1,9
2018-11-17 18:30:52,1,9
2018-11-17 18:30:53,1,9
2018-11-17 18:30:54,1,9
2018-11-17 18:30:55,1,9
2018-11-17 18:30:56,1,9
2018-11-17 18:30:57,1,9
2018-11-17 18:30:58,1,9
2018-11-17 18:30:59,1,9
2018-11-17 18:31:00,1,9
2018-11-17 18:31:01,1,9
2018-11-17 18:31:02,1,9
2018-11-17 18:31:03,1,9
2018-11-17 18:31:04,1,9
2018-11-17 18:31:05,1,9
2018-11-17 18:31:06,1,9
2018-11-17 18:31:07,1,9
2018-11-17 18:31:08,1,9
2018-11-17 18:31:09,1,9
2018-11-17 18:31:10,1,9
2018-11-17 18:31:11,1,9
2018-11-17 18:31:12,1,9
2018-11-17 18:31:13,1,9
2018-11-17 18:31:14,1,9
2018-11-17 18:31:15,1,9
2018-11-17 18:31:16,1,9
2018-11-17 18:31:17,1,9
2018-11-17 18:31:18,1,9
2018-11-17 18:31:19,1,9
2018-11-17 18:31:20,1,9
2018-11-17 18:31:21,1,9
2018-11-17 18:31:22,1,9
2018-11-17 18:31:23,1,9
2018-11-17 18:31:24,1,9
2018-11-17 18:31:25,1,9
2018-11-17 18:31:26,1,9
2018-11-17 18:31:27,1,9
2018-11-17 18:31:28,1,9
2018-11-17 18:31:29,1,9
2018-11-17 18:31:30,1,9
2018-11-17 18:31:31,1,9
2018-11-17 18:31:32,1,9
2018-11-17 18:31:33,1,9
2018-11-17 18:31:34,1,9
2018-11-17 18:31:35,1,9
2018-11-17 18:31:36,1,9
2018-11-17 18:31:37,1,9
2018-11-17 18:31:38,1,9
2018-11-17 18:31:39,1,9
2018-11-17 18:31:40,1,9
2018-11-17 18:31:41,1,9
2018-11-17 18:31:42,1,9
2018-11-17 18:31:43,1,9
2018-11-17 18:31:44,1,9
2018-11-17 18:31:45,1,9
2018-11-17 18:31:46,1,9
2018-11-17 18:31:47,1,9
2018-11-17 18:31:48,1,9
2018-11-17 18:31:49,1,9
2018-11-17 18:31:50,1,9
2018-11-17 18:31:51,1,9
2018-11-17 18:31:52,1,9
2018-11-17 18:31:53,1,9
2018-11-17 18:31:54,1,9
2018-11-17 18:31:55,1,9
2018-11-17 18:31:56,1,9
2018-11-17 18:31:57,1,9
2018-11-17 18:31:58,1,9
2018-11-17 18:31:59,1,9
2018-11-17 18:32:00,1,9
2018-11-17 18:32:01,1,9
2018-11-17 18:32:02,1,9
2018-11-17 18:32:03,1,9
2018-11-17 18:32:04,1,9
2018-11-17 18:32:05,1,9
2018-11-17 18:32:06,1,9
2018-11-17 18:32:07,1,9
2018-11-17 18:32:08,1,9
2018-11-17 18:32:09,1,9
2018-11-17 18:32:10,1,9
2018-11-17 18:32:11,1,9
2018-11-17 18:32:12,1,9
2018-11-17 18:32:13,1,9
2018-11-17 18:32:14,1,9
2018-11-17 18:32:15,1,9
2018-11-17 18:32:16,1,9
2018-11-17 18:32:17,1,9
2018-11-17 18:32:18,1,9
2018-11-17 18:32:19,1,9
2018-11-17 18:32:20,1,9
2018-11-17 18:32:21,1,9
2018-11-17 18:32:22,1,9
2018-11-17 18:32:23,1,9
2018-11-17 18:32:24,1,9
2018-11-17 18:32:25,1,9
2018-11-17 18:32:26,1,9
2018-11-17 18:32:27,1,9
2018-11-17 18:32:28,1,9
2018-11-17 18:32:29,1,9
2018-11-17 18:32:30,1,9
2018-11-17 18:32:31,1,9
2018-11-17 18:32:32,1,9
2018-11-17 18:32:33,1,9
2018-11-17 18:32:34,1,9
2018-11-17 18:32:35,1,9
2018-11-17 18:32:36,1,9
2018-11-17 18:32:37,1,9
2018-11-17 18:32:38,1,9
2018-11-17 18:32:39,1,9
2018-11-17 18:32:40,1,9
2018-11-17 18:32:41,1,9
2018-11-17 18:32:42,1,9
2018-11-17 18:32:43,1,9
2018-11-17 18:32:44,1,9
2018-11-17 18:32:45,1,9
2018-11-17 18:32:46,1,9
2018-11-17 18:32:47,1,9
2018-11-17 18:32:48,1,9
2018-11-17 18:32:49,1,9
2018-11-17 18:32:50,1,9
2018-11-17 18:32:51,1,9
2018-11-17 18:32:52,1,9
2018-11-17 18:32:53,1,9
2018-11-17 18:32:54,1,9
2018-11-17 18:32:55,1,9
2018-11-17 18:32:56,1,9
2018-11-17 18:32:57,1,9
2018-11-17 18:32:58,1,9
2018-11-17 18:32:59,1,9
2018-11-17 18:33:00,1,9
2018-11-17 18:33:01,1,9
2018-11-17 18:33:02,1,9
2018-11-17 18:33:03,1,9
2018-11-17 18:33:04,1,9
2018-11-17 18:33:05,1,9
2018-11-17 18:33:06,1,9
2018-11-17 18:33:07,1,9
2018-11-17 18:33:08,1,9
2018-11-17 18:33:09,1,9
2018-11-17 18:33:10,1,9
2018-11-17 18:33:11,1,9
2018-11-17 18:33:12,1,9
2018-11-17 18:33:13,1,9
2018-11-17 18:33:14,1,9
2018-11-17 18:33:15,1,9
2018-11-17 18:33:16,1,9
2018-11-17 18:33:17,1,9
2018-11-17 18:33:18,1,9
2018-11-17 18:33:19,1,9
2018-11-17 18:33:20,1,9
2018-11-17 18:33:21,1,9
2018-11-17 18:33:22,1,9
2018-11-17 18:33:23,1,9
2018-11-17 18:33:24,1,9
2018-11-17 18:33:25,1,9
2018-11-17 18:33:26,1,9
2018-11-17 18:33:27,1,9
2018-11-17 18:33:28,1,9
2018-11-17 18:33:29,1,9
2018-11-17 18:33:30,1,9
2018-11-17 18:33:31,1,9
2018-11-17 18:33:32,1,9
2018-11-17 18:33:33,1,9
2018-11-17 18:33:34,1,9
2018-11-17 18:33:35,1,9
2018-11-17 18:33:36,1,9
2018-11-17 18:33:37,1,9
2018-11-17 18:33:38,1,9
2018-11-17 18:33:39,1,9
2018-11-17 18:33:40,1,9
2018-11-17 18:33:41,1,9
2018-11-17 18:33:42,1,9
2018-11-17 18:33:43,1,9
2018-11-17 18:33:44,1,9
2018-11-17 18:33:45,1,9
2018-11-17 18:33:46,1,9
2018-11-17 18:33:47,1,9
2018-11-17 18:33:48,1,9
2018-11-17 18:33:49,1,9
2018-11-17 18:33:50,1,9
2018-11-17 18:33:51,1,9
2018-11-17 18:33:52,1,9
2018-11-17 18:33:53,1,9
2018-11-17 18:33:54,1,9
2018-11-17 18:33:55,1,9
2018-11-17 18:33:56,1,9
2018-11-17 18:33:57,1,9
2018-11-17 18:33:58,1,9
2018-11-17 18:33:59,1,9
2018-11-17 18:34:00,1,9
2018-11-17 18:34:01,1,9
2018-11-17 18:34:02,1,9
2018-11-17 18:34:03,1,9
2018-11-17 18:34:04,1,9
2018-11-17 18:34:05,1,9
2018-11-17 18:34:06,1,9
2018-11-17 18:34:07,1,9
2018-11-17 18:34:08,1,9
2018-11-17 18:34:09,1,9
2018-11-17 18:34:10,1,9
2018-11-17 18:34:11,1,9
2018-11-17 18:34:12,1,9
2018-11-17 18:34:13,1,9
2018-11-17 18:34:14,1,9
2018-11-17 18:34:15,1,9
2018-11-17 18:34:16,1,9
2018-11-17 18:34:17,1,9
2018-11-17 18:34:18,1,9
2018-11-17 18:34:19,1,9
2018-11-17 18:34:20,1,9
2018-11-17 18:34:21,1,9
2018-11-17 18:34:22,1,9
2018-11-17 18:34:23,1,9
2018-11-17 18:34:24,1,9
2018-11-17 18:34:25,1,9
2018-11-17 18:34:26,1,9
2018-11-17 18:34:27,1,9
2018-11-17 18:34:28,1,9
2018-11-17 18:34:29,1,9
2018-11-17 18:34:30,1,9
2018-11-17 18:34:31,1,9
2018-11-17 18:34:32,1,9
2018-11-17 18:34:33,1,9
2018-11-17 18:34:34,1,9
2018-11-17 18:34:35,1,9
2018-11-17 18:34:36,1,9
2018-11-17 18:34:37,1,9
2018-11-17 18:34:38,1,9
2018-11-17 18:34:39,1,9
2018-11-17 18:34:40,1,9
2018-11-17 18:34:41,1,9
2018-11-17 18:34:42,1,9
2018-11-17 18:34:43,1,9
2018-11-17 18:34:44,1,9
2018-11-17 18:34:45,1,9
2018-11-17 18:34:46,1,9
2018-11-17 18:34:47,1,9
2018-11-17 18:34:48,1,9
2018-11-17 18:34:49,1,9
2018-11-17 18:34:50,1,9
2018-11-17 18:34:51,1,9
2018-11-17 18:34:52,1,9
2018-11-17 18:34:53,1,9
2018-11-17 18:34:54,1,9
2018-11-17 18:34:55,1,9
2018-11-17 18:34:56,1,9
2018-11-17 18:34:57,1,9
2018-11-17 18:34:58,1,9
2018-11-17 18:34:59,1,9
2018-11-17 18:35:00,1,9
2018-11-17 18:35:01,1,9
2018-11-17 18:35:02,1,9
2018-11-17 18:35:03,1,9
2018-11-17 18:35:04,1,9
2018-11-17 18:35:05,1,9
2018-11-17 18:35:06,1,9
2018-11-17 18:35:07,1,9
2018-11-17 18:35:08,1,9
2018-11-17 18:35:09,1,9
2018-11-17 18:35:10,1,9
2018-11-17 18:35:11,1,9
2018-11-17 18:35:12,1,9
2018-11-17 18:35:13,1,9
2018-11-17 18:35:14,1,9
2018-11-17 18:35:15,1,9
2018-11-17 18:35:16,1,9
2018-11-17 18:35:17,1,9
2018-11-17 18:35:18,1,9
2018-11-17 18:35:19,1,9
2018-11-17 18:35:20,1,9
2018-11-17 18:35:21,1,9
2018-11-17 18:35:22,1,9
2018-11-17 18:35:23,1,9
2018-11-17 18:35:24,1,9
2018-11-17 18:35:25,1,9
2018-11-17 18:35:26,1,9
2018-11-17 18:35:27,1,9
2018-11-17 18:35:28,1,9
2018-11-17 18:35:29,1,9
2018-11-17 18:35:30,1,9
2018-11-17 18:35:31,1,9
2018-11-17 18:35:32,1,9
2018-11-17 18:35:33,1,9
2018-11-17 18:35:34,1,9
2018-11-17 18:35:35,1,9
2018-11-17 18:35:36,1,9
2018-11-17 18:35:37,1,9
2018-11-17 18:35:38,1,9
2018-11-17 18:35:39,1,9
2018-11-17 18:35:40,1,9
2018-11-17 18:35:41,1,9
2018-11-17 18:35:42,1,9
2018-11-17 18:35:43,1,9
2018-11-17 18:35:44,1,9
2018-11-17 18:35:45,1,9
2018-11-17 18:35:46,1,9
2018-11-17 18:35:47,1,9
2018-11-17 18:35:48,1,9
2018-11-17 18:35:49,1,9
2018-11-17 18:35:50,1,9
2018-11-17 18:35:51,1,9
2018-11-17 18:35:52,1,9
2018-11-17 18:35:53,1,9
2018-11-17 18:35:54,1,9
2018-11-17 18:35:55,1,9
2018-11-17 18:35:56,1,9
2018-11-17 18:35:57,1,9
2018-11-17 18:35:58,1,9
2018-11-17 18:35:59,1,9
2018-11-17 18:36:00,1,9
2018-11-17 18:36:01,1,9
2018-11-17 18:36:02,1,9
2018-11-17 18:36:03,1,9
2018-11-17 18:36:04,1,9
2018-11-17 18:36:05,1,9
2018-11-17 18:36:06,1,9
2018-11-17 18:36:07,1,9
2018-11-17 18:36:08,1,9
2018-11-17 18:36:09,1,9
2018-11-17 18:40:30,1,4
2018-11-17 18:40:31,1,4
2018-11-17 18:40:32,1,4
2018-11-17 18:40:33,1,4
2018-11-17 18:40:34,1,4
2018-11-17 18:40:35,1,4
2018-11-17 18:40:36,1,4
2018-11-17 18:40:37,1,4
2018-11-17 18:40:38,1,4
2018-11-17 18:40:39,1,4
2018-11-17 18:40:40,1,4
2018-11-17 18:40:41,1,4
2018-11-17 18:40:42,1,4
2018-11-17 18:40:43,1,4
2018-11-17 18:40:44,1,4
2018-11-17 18:40:45,1,4
2018-11-17 18:40:46,1,4
2018-11-17 18:40:47,1,4
2018-11-17 18:40:48,1,4
2018-11-17 18:40:49,1,4
2018-11-17 18:40:50,1,4
2018-11-17 18:40:51,1,4
2018-11-17 18:40:52,1,4
2018-11-17 18:40:53,1,4
2018-11-17 18:40:54,1,4
2018-11-17 18:40:55,1,4
2018-11-17 18:40:56,1,4
2018-11-17 18:40:57,1,4
2018-11-17 18:40:58,1,4
2018-11-17 18:40:59,1,4
2018-11-17 18:41:00,1,4
2018-11-17 18:41:01,1,4
2018-11-17 18:41:02,1,4
2018-11-17 18:41:03,1,4
2018-11-17 18:41:04,1,4
2018-11-17 18:41:05,1,4
2018-11-17 18:41:06,1,4
2018-11-17 18:41:07,1,4
2018-11-17 18:41:08,1,4
2018-11-17 18:41:09,1,4
2018-11-17 18:41:10,1,4
2018-11-17 18:41:11,1,4
2018-11-17 18:41:12,1,4
2018-11-17 18:41:13,1,4
2018-11-17 18:41:14,1,4
2018-11-17 18:41:15,1,4
2018-11-17 18:41:16,1,4
2018-11-17 18:41:17,1,4
2018-11-17 18:41:18,1,4
2018-11-17 18:41:19,1,4
2018-11-17 18:41:20,1,4
2018-11-17 18:41:21,1,4
2018-11-17 18:41:22,1,4
2018-11-17 18:41:23,1,4
2018-11-17 18:41:24,1,4
2018-11-17 18:41:25,1,4
2018-11-17 18:41:26,1,4
2018-11-17 18:41:27,1,4
2018-11-17 18:41:28,1,4
2018-11-17 18:41:29,1,4
2018-11-17 18:41:30,1,4
2018-11-17 18:41:31,1,4
2018-11-17 18:41:32,1,4
2018-11-17 18:41:33,1,4
2018-11-17 18:41:34,1,4
2018-11-17 18:41:35,1,4
2018-11-17 18:41:36,1,4
2018-11-17 18:41:37,1,4
2018-11-17 18:41:38,1,4
2018-11-17 18:41:39,1,4
2018-11-17 18:41:40,1,4
2018-11-17 18:41:41,1,4
2018-11-17 18:41:42,1,4
2018-11-17 18:41:43,1,4
2018-11-17 18:41:44,1,4
2018-11-17 18:41:45,1,4
2018-11-17 18:41:46,1,4
2018-11-17 18:41:47,1,4
2018-11-17 18:41:48,1,4
2018-11-17 18:41:49,1,4
2018-11-17 18:41:50,1,4
2018-11-17 18:41:51,1,4
2018-11-17 18:41:52,1,4
2018-11-17 18:41:53,1,4
2018-11-17 18:41:54,1,4
2018-11-17 18:41:55,1,4
2018-11-17 18:41:56,1,4
2018-11-17 18:41:57,1,4
2018-11-17 18:41:58,1,4
2018-11-17 18:41:59,1,4
2018-11-17 18:42:00,1,4
2018-11-17 18:42:01,1,4
2018-11-17 18:42:02,1,4
2018-11-17 18:42:03,1,4
2018-11-17 18:42:04,1,4
2018-11-17 18:42:05,1,4
2018-11-17 18:42:06,1,4
2018-11-17 18:42:07,1,4
2018-11-17 18:42:08,1,4
2018-11-17 18:42:09,1,4
2018-11-17 18:42:10,1,4
2018-11-17 18:42:11,1,4
2018-11-17 18:42:12,1,4
2018-11-17 18:42:13,1,4
2018-11-17 18:42:14,1,4
2018-11-17 18:42:15,1,4
2018-11-17 18:42:16,1,4
2018-11-17 18:42:17,1,4
2018-11-17 18:42:18,1,4
2018-11-17 18:42:19,1,4
2018-11-17 18:42:20,1,4
2018-11-17 18:42:21,1,4
2018-11-17 18:42:22,1,4
2018-11-17 18:42:23,1,4
2018-11-17 18:42:24,1,4
2018-11-17 18:42:25,1,4
2018-11-17 18:42:26,1,4
2018-11-17 18:42:27,1,4
2018-11-17 18:42:28,1,4
2018-11-17 18:42:29,1,4
2018-11-17 18:42:30,1,4
2018-11-17 18:42:31,1,4
2018-11-17 18:42:32,1,4
2018-11-17 18:42:33,1,4
2018-11-17 18:42:34,1,4
2018-11-17 18:42:35,1,4
2018-11-17 18:42:36,1,4
2018-11-17 18:42:37,1,4
2018-11-17 18:42:38,1,4
2018-11-17 18:42:39,1,4
2018-11-17 18:42:40,1,4
2018-11-17 18:42:41,1,4
2018-11-17 18:42:42,1,4
2018-11-17 18:42:43,1,4
2018-11-17 18:42:44,1,4
2018-11-17 18:42:45,1,4
2018-11-17 18:42:46,1,4
2018-11-17 18:42:47,1,4
2018-11-17 18:42:48,1,4
2018-11-17 18:42:49,1,4
2018-11-17 18:42:50,1,4
2018-11-17 18:42:51,1,4
2018-11-17 18:42:52,1,4
2018-11-17 18:42:53,1,4
2018-11-17 18:42:54,1,4
2018-11-17 18:42:55,1,4
2018-11-17 18:42:56,1,4
2018-11-17 18:42:57,1,4
2018-11-17 18:42:58,1,4
2018-11-17 18:42:59,1,4
2018-11-17 18:43:00,1,4
2018-11-17 18:43:01,1,4
2018-11-17 18:43:02,1,4
2018-11-17 18:43:03,1,4
2018-11-17 18:43:04,1,4
2018-11-17 18:43:05,1,4
2018-11-17 18:43:06,1,4
2018-11-17 18:43:07,1,4
2018-11-17 18:43:08,1,4
2018-11-17 18:43:09,1,4
2018-11-17 18:43:10,1,4
2018-11-17 18:43:11,1,4
2018-11-17 18:43:12,1,4
2018-11-17 18:43:13,1,4
2018-11-17 18:43:14,1,4
2018-11-17 18:43:15,1,4
2018-11-17 18:43:16,1,4
2018-11-17 18:43:17,1,4
2018-11-17 18:43:18,1,4
2018-11-17 18:43:19,1,4
2018-11-17 18:43:20,1,4
2018-11-17 18:43:21,1,4
2018-11-17 18:43:22,1,4
2018-11-17 18:43:23,1,4
2018-11-17 18:43:24,1,4
2018-11-17 18:43:25,1,4
2018-11-17 18:43:26,1,4
2018-11-17 18:43:27,1,4
2018-11-17 18:43:28,1,4
2018-11-17 18:43:29,1,4
2018-11-17 18:43:30,1,4
2018-11-17 18:43:31,1,4
2018-11-17 18:43:32,1,4
2018-11-17 18:43:33,1,4
2018-11-17 18:43:34,1,4
2018-11-17 18:43:35,1,4
2018-11-17 18:43:36,1,4
2018-11-17 18:43:37,1,4
2018-11-17 18:43:38,1,4
2018-11-17 18:43:39,1,4
2018-11-17 18:43:40,1,4
2018-11-17 18:43:41,1,4
2018-11-17 18:43:42,1,4
2018-11-17 18:43:43,1,4
2018-11-17 18:43:44,1,4
2018-11-17 18:43:45,1,4
2018-11-17 18:43:46,1,4
2018-11-17 18:43:47,1,4
2018-11-17 18:43:48,1,4
2018-11-17 18:43:49,1,4
2018-11-17 18:43:50,1,4
2018-11-17 18:43:51,1,4
2018-11-17 18:43:52,1,4
2018-11-17 18:43:53,1,4
2018-11-17 18:43:54,1,4
2018-11-17 18:43:55,1,4
2018-11-17 18:43:56,1,4
2018-11-17 18:43:57,1,4
2018-11-17 18:43:58,1,4
2018-11-17 18:43:59,1,4
2018-11-17 18:44:00,1,4
2018-11-17 18:44:01,1,4
2018-11-17 18:44:02,1,4
2018-11-17 18:44:03,1,4
2018-11-17 18:44:04,1,4
2018-11-17 18:44:05,1,4
2018-11-17 18:44:06,1,4
2018-11-17 18:44:07,1,4
2018-11-17 18:44:08,1,4
2018-11-17 18:44:09,1,4
2018-11-17 18:44:10,1,4
2018-11-17 18:44:11,1,4
2018-11-17 18:44:12,1,4
2018-11-17 18:44:13,1,4
2018-11-17 18:44:14,1,4
2018-11-17 18:44:15,1,4
2018-11-17 18:44:16,1,4
2018-11-17 18:44:17,1,4
2018-11-17 18:44:18,1,4
2018-11-17 18:44:19,1,4
2018-11-17 18:44:20,1,4
2018-11-17 18:44:21,1,4
2018-11-17 18:44:22,1,4
2018-11-17 18:44:23,1,4
2018-11-17 18:44:24,1,4
2018-11-17 18:44:25,1,4
2018-11-17 18:44:26,1,4
2018-11-17 18:44:27,1,4
2018-11-17 18:44:28,1,4
2018-11-17 18:44:29,1,4
2018-11-17 18:44:30,1,4
2018-11-17 18:44:31,1,4
2018-11-17 18:44:32,1,4
2018-11-17 18:44:33,1,4
2018-11-17 18:44:34,1,4
2018-11-17 18:44:35,1,4
2018-11-17 18:44:36,1,4
2018-11-17 18:44:37,1,4
2018-11-17 18:44:38,1,4
2018-11-17 18:44:39,1,4
2018-11-17 18:44:40,1,4
2018-11-17 18:44:41,1,4
2018-11-17 18:44:42,1,4
2018-11-17 18:44:43,1,4
2018-11-17 18:44:44,1,4
2018-11-17 18:44:45,1,4
2018-11-17 18:44:46,1,4
2018-11-17 18:44:47,1,4
2018-11-17 18:44:48,1,4
2018-11-17 18:44:49,1,4
2018-11-17 18:44:50,1,4
2018-11-17 18:44:51,1,4
2018-11-17 18:44:52,1,4
2018-11-17 18:44:53,1,4
2018-11-17 18:44:54,1,4
2018-11-17 18:44:55,1,4
2018-11-17 18:44:56,1,4
2018-11-17 18:44:57,1,4
2018-11-17 18:44:58,1,4
2018-11-17 18:44:59,1,4
2018-11-17 18:45:00,1,4
2018-11-17 18:45:01,1,4
2018-11-17 18:45:02,1,4
2018-11-17 18:45:03,1,4
2018-11-17 18:45:04,1,4
2018-11-17 18:45:05,1,4
2018-11-17 18:45:06,1,4
2018-11-17 18:45:07,1,4
2018-11-17 18:45:08,1,4
2018-11-17 18:45:09,1,4
2018-11-17 18:45:10,1,4
2018-11-17 18:45:11,1,4
2018-11-17 18:45:12,1,4
2018-11-17 18:45:13,1,4
2018-11-17 18:45:14,1,4
2018-11-17 18:45:15,1,4
2018-11-17 18:45:16,1,4
2018-11-17 18:45:17,1,4
2018-11-17 18:45:18,1,4
2018-11-17 18:45:19,1,4
2018-11-17 18:45:20,1,4
2018-11-17 18:45:21,1,4
2018-11-17 18:45:22,1,4
2018-11-17 18:45:23,1,4
2018-11-17 18:45:24,1,4
2018-11-17 18:45:25,1,4
2018-11-17 18:45:26,1,4
2018-11-17 18:45:27,1,4
2018-11-17 18:45:28,1,4
2018-11-17 18:45:29,1,4
2018-11-17 18:45:30,1,4
2018-11-17 18:45:31,1,4
2018-11-17 18:45:32,1,4
2018-11-17 18:45:33,1,4
2018-11-17 18:45:34,1,4
2018-11-17 18:45:35,1,4
2018-11-17 18:45:36,1,4
2018-11-17 18:45:37,1,4
2018-11-17 18:45:38,1,4
2018-11-17 18:45:39,1,4
2018-11-17 18:45:40,1,4
2018-11-17 18:45:41,1,4
2018-11-17 18:45:42,1,4
2018-11-17 18:45:43,1,4
2018-11-17 18:45:44,1,4
2018-11-17 18:45:45,1,4
2018-11-17 18:45:46,1,4
2018-11-17 18:45:47,1,4
2018-11-17 18:45:48,1,4
2018-11-17 18:45:49,1,4
2018-11-17 18:45:50,1,4
2018-11-17 18:45:51,1,4
2018-11-17 18:45:52,1,4
2018-11-17 18:45:53,1,4
2018-11-17 18:45:54,1,4
2018-11-17 18:45:55,1,4
2018-11-17 18:45:56,1,4
2018-11-17 18:45:57,1,4
2018-11-17 18:45:58,1,4
2018-11-17 18:45:59,1,4
2018-11-17 18:46:00,1,4
2018-11-17 18:46:01,1,4
2018-11-17 18:46:02,1,4
2018-11-17 18:46:03,1,4
2018-11-17 18:46:04,1,4
2018-11-17 18:46:05,1,4
2018-11-17 18:46:06,1,4
2018-11-17 18:46:07,1,4
2018-11-17 18:46:08,1,4
2018-11-17 18:46:09,1,4
2018-11-17 18:46:10,1,4
2018-11-17 18:46:11,1,4
2018-11-17 18:46:12,1,4
2018-11-17 18:46:13,1,4
2018-11-17 18:46:14,1,4
2018-11-17 18:46:15,1,4
2018-11-17 18:46:16,1,4
2018-11-17 18:46:17,1,4
2018-11-17 18:46:18,1,4
2018-11-17 18:46:19,1,4
2018-11-17 18:46:20,1,4
2018-11-17 18:46:21,1,4
2018-11-17 18:46:22,1,4
2018-11-17 18:46:23,1,4
2018-11-17 18:46:24,1,4
2018-11-17 18:46:25,1,4
2018-11-17 18:46:26,1,4
2018-11-17 18:46:27,1,4
2018-11-17 18:46:28,1,4
2018-11-17 18:46:29,1,4
2018-11-17 18:46:30,1,4
2018-11-17 18:46:31,1,4
2018-11-17 18:46:32,1,4
2018-11-17 18:46:33,1,4
2018-11-17 18:46:34,1,4
2018-11-17 18:46:35,1,4
2018-11-17 18:46:36,1,4
2018-11-17 18:46:37,1,4
2018-11-17 18:46:38,1,4
2018-11-17 18:46:39,1,4
2018-11-17 18:46:40,1,4
2018-11-17 18:46:41,1,4
2018-11-17 18:46:42,1,4
2018-11-17 18:46:43,1,4
2018-11-17 18:46:44,1,4
2018-11-17 18:46:45,1,4
2018-11-17 18:46:46,1,4
2018-11-17 18:46:47,1,4
2018-11-17 18:46:48,1,4
2018-11-17 18:46:49,1,4
2018-11-17 18:46:50,1,4
2018-11-17 18:46:51,1,4
2018-11-17 18:46:52,1,4
2018-11-17 18:46:53,1,4
2018-11-17 18:46:54,1,4
2018-11-17 18:46:55,1,4
2018-11-17 18:46:56,1,4
2018-11-17 18:46:57,1,4
2018-11-17 18:46:58,1,4
2018-11-17 18:46:59,1,4
2018-11-17 18:47:00,1,4
2018-11-17 18:47:01,1,4
2018-11-17 18:47:02,1,4
2018-11-17 18:47:03,1,4
2018-11-17 18:47:04,1,4
2018-11-17 18:47:05,1,4
2018-11-17 18:47:06,1,4
2018-11-17 18:47:07,1,4
2018-11-17 18:47:08,1,4
2018-11-17 18:47:09,1,4
2018-11-17 18:47:10,1,4
2018-11-17 18:47:11,1,4
2018-11-17 18:47:12,1,4
2018-11-17 18:47:13,1,4
2018-11-17 18:47:14,1,4
2018-11-17 18:47:15,1,4
2018-11-17 18:47:16,1,4
2018-11-17 18:47:17,1,4
2018-11-17 18:47:18,1,4
2018-11-17 18:47:19,1,4
2018-11-17 18:47:20,1,4
2018-11-17 18:47:21,1,4
2018-11-17 18:47:22,1,4
2018-11-17 18:47:23,1,4
2018-11-17 18:47:24,1,4
2018-11-17 18:47:25,1,4
2018-11-17 18:47:26,1,4
2018-11-17 18:47:27,1,4
2018-11-17 18:47:28,1,4
2018-11-17 18:47:29,1,4
2018-11-17 18:47:30,1,4
2018-11-17 18:47:31,1,4
2018-11-17 18:47:32,1,4
2018-11-17 18:47:33,1,4
2018-11-17 18:47:34,1,4
2018-11-17 18:47:35,1,4
2018-11-17 18:47:36,1,4
2018-11-17 18:47:37,1,4
2018-11-17 18:47:38,1,4
2018-11-17 18:47:39,1,4
2018-11-17 18:47:40,1,4
2018-11-17 18:47:41,1,4
2018-11-17 18:47:42,1,4
2018-11-17 18:47:43,1,4
2018-11-17 18:47:44,1,4
2018-11-17 18:47:45,1,4
2018-11-17 18:47:46,1,4
2018-11-17 18:47:47,1,4
2018-11-17 18:47:48,1,4
2018-11-17 18:47:49,1,4
2018-11-17 18:47:50,1,4
2018-11-17 18:47:51,1,4
2018-11-17 18:47:52,1,4
2018-11-17 18:47:53,1,4
2018-11-17 18:47:54,1,4
2018-11-17 18:47:55,1,4
2018-11-17 18:47:56,1,4
2018-11-17 18:47:57,1,4
2018-11-17 18:47:58,1,4
2018-11-17 18:47:59,1,4
2018-11-17 18:48:00,1,4
2018-11-17 18:48:01,1,4
2018-11-17 18:48:02,1,4
2018-11-17 18:48:03,1,4
2018-11-17 18:48:04,1,4
2018-11-17 18:48:05,1,4
2018-11-17 18:48:06,1,4
2018-11-17 18:48:07,1,4
2018-11-17 18:48:08,1,4
2018-11-17 18:48:09,1,4
2018-11-17 18:48:10,1,4
2018-11-17 18:48:11,1,4
2018-11-17 18:48:12,1,4
2018-11-17 18:48:13,1,4
2018-11-17 18:48:14,1,4
2018-11-17 18:48:15,1,4
2018-11-17 18:48:16,1,4
2018-11-17 18:48:17,1,4
2018-11-17 18:48:18,1,4
2018-11-17 18:48:19,1,4
2018-11-17 18:48:20,1,4
2018-11-17 18:48:21,1,4
2018-11-17 18:48:22,1,4
2018-11-17 18:48:23,1,4
2018-11-17 18:48:24,1,4
2018-11-17 18:48:25,1,4
2018-11-17 18:48:26,1,4
2018-11-17 18:48:27,1,4
2018-11-17 18:48:28,1,4
2018-11-17 18:48:29,1,4
2018-11-17 18:48:30,1,4
2018-11-17 18:48:31,1,4
2018-11-17 18:48:32,1,4
2018-11-17 18:48:33,1,4
2018-11-17 18:48:34,1,4
2018-11-17 18:48:35,1,4
2018-11-17 18:48:36,1,4
2018-11-17 18:48:37,1,4
2018-11-17 18:48:38,1,4
2018-11-17 18:48:39,1,4
2018-11-17 18:48:40,1,4
2018-11-17 18:48:41,1,4
2018-11-17 18:48:42,1,4
2018-11-17 18:48:43,1,4
2018-11-17 18:48:44,1,4
2018-11-17 18:48:45,1,4
2018-11-17 18:48:46,1,4
2018-11-17 18:48:47,1,4
2018-11-17 18:48:48,1,4
2018-11-17 18:48:49,1,4
2018-11-17 18:48:50,1,4
2018-11-17 18:48:51,1,4
2018-11-17 18:48:52,1,4
2018-11-17 18:48:53,1,4
2018-11-17 18:48:54,1,4
2018-11-17 18:48:55,1,4
2018-11-17 18:48:56,1,4
2018-11-17 18:48:57,1,4
2018-11-17 18:48:58,1,4
2018-11-17 18:48:59,1,4
2018-11-17 18:49:00,1,4
2018-11-17 18:49:01,1,4
2018-11-17 18:49:02,1,4
2018-11-17 18:49:03,1,4
2018-11-17 18:49:04,1,4
2018-11-17 18:49:05,1,4
2018-11-17 18:49:06,1,4
2018-11-17 18:49:07,1,4
2018-11-17 18:49:08,1,4
2018-11-17 18:49:09,1,4
2018-11-17 18:49:10,1,4
2018-11-17 18:49:11,1,4
2018-11-17 18:49:12,1,4
2018-11-17 18:49:13,1,4
2018-11-17 18:49:14,1,4
2018-11-17 18:49:15,1,4
2018-11-17 18:49:16,1,4
2018-11-17 18:49:17,1,4
2018-11-17 18:49:18,1,4
2018-11-17 18:49:19,1,4
2018-11-17 18:49:20,1,4
2018-11-17 18:49:21,1,4
2018-11-17 18:49:22,1,4
2018-11-17 18:49:23,1,4
2018-11-17 18:49:24,1,4
2018-11-17 18:49:25,1,4
2018-11-17 18:49:26,1,4
2018-11-17 18:49:27,1,4
2018-11-17 18:49:28,1,4
2018-11-17 18:49:29,1,4
2018-11-17 18:49:30,1,4
2018-11-17 18:49:31,1,4
2018-11-17 18:49:32,1,4
2018-11-17 18:49:33,1,4
2018-11-17 18:49:34,1,4
2018-11-17 18:49:35,1,4
2018-11-17 18:49:36,1,4
2018-11-17 18:49:37,1,4
2018-11-17 18:49:38,1,4
2018-11-17 18:49:39,1,4
2018-11-17 18:49:40,1,4
2018-11-17 18:49:41,1,4
2018-11-17 18:49:42,1,4
2018-11-17 18:49:43,1,4
2018-11-17 18:49:44,1,4
2018-11-17 18:49:45,1,4
2018-11-17 18:49:46,1,4
2018-11-17 18:49:47,1,4
2018-11-17 18:49:48,1,4
2018-11-17 18:49:49,1,4
2018-11-17 18:49:50,1,4
2018-11-17 18:49:51,1,4
2018-11-17 18:49:52,1,4
2018-11-17 18:49:53,1,4
2018-11-17 18:49:54,1,4
2018-11-17 18:49:55,1,4
2018-11-17 18:49:56,1,4
2018-11-17 18:49:57,1,4
2018-11-17 18:49:58,1,4
2018-11-17 18:49:59,1,4
2018-11-17 18:50:00,1,4
2018-11-17 18:50:01,1,4
2018-11-17 18:50:02,1,4
2018-11-17 18:50:03,1,4
2018-11-17 18:50:04,1,4
2018-11-17 18:50:05,1,4
2018-11-17 18:50:06,1,4
2018-11-17 18:50:07,1,4
2018-11-17 18:50:08,1,4
2018-11-17 18:50:09,1,4
2018-11-17 18:50:10,1,4
2018-11-17 18:50:11,1,4
2018-11-17 18:50:12,1,4
2018-11-17 18:50:13,1,4
2018-11-17 18:50:14,1,4
2018-11-17 18:50:15,1,4
2018-11-17 18:50:16,1,4
2018-11-17 18:50:17,1,4
2018-11-17 18:50:18,1,4
2018-11-17 18:50:19,1,4
2018-11-17 18:52:29,1,3
2018-11-17 18:52:30,1,3
2018-11-17 18:52:31,1,3
2018-11-17 18:52:32,1,3
2018-11-17 18:52:33,1,3
2018-11-17 18:52:34,1,3
2018-11-17 18:52:35,1,3
2018-11-17 18:52:36,1,3
2018-11-17 18:52:37,1,3
2018-11-17 18:52:38,1,3
2018-11-17 18:52:39,1,3
2018-11-17 18:52:40,1,3
2018-11-17 18:52:41,1,3
2018-11-17 18:52:42,1,3
2018-11-17 18:52:43,1,3
2018-11-17 18:52:44,1,3
2018-11-17 18:52:45,1,3
2018-11-17 18:52:46,1,3
2018-11-17 18:52:47,1,3
2018-11-17 18:52:48,1,3
2018-11-17 18:52:49,1,3
2018-11-17 18:52:50,1,3
2018-11-17 18:52:51,1,3
2018-11-17 18:52:52,1,3
2018-11-17 18:52:53,1,3
2018-11-17 18:52:54,1,3
2018-11-17 18:52:55,1,3
2018-11-17 18:52:56,1,3
2018-11-17 18:52:57,1,3
2018-11-17 18:52:58,1,3
2018-11-17 18:52:59,1,3
2018-11-17 18:53:00,1,3
2018-11-17 18:53:01,1,3
2018-11-17 18:53:02,1,3
2018-11-17 18:53:03,1,3
2018-11-17 18:53:04,1,3
2018-11-17 18:53:05,1,3
2018-11-17 18:53:06,1,3
2018-11-17 18:53:07,1,3
2018-11-17 18:53:08,1,3
2018-11-17 18:53:09,1,3
2018-11-17 18:53:10,1,3
2018-11-17 18:53:11,1,3
2018-11-17 18:53:12,1,3
2018-11-17 18:53:13,1,3
2018-11-17 18:53:14,1,3
2018-11-17 18:53:15,1,3
2018-11-17 18:53:16,1,3
2018-11-17 18:53:17,1,3
2018-11-17 18:53:18,1,3
2018-11-17 18:53:19,1,3
2018-11-17 18:53:20,1,3
2018-11-17 18:53:21,1,3
2018-11-17 18:53:22,1,3
2018-11-17 18:53:23,1,3
2018-11-17 18:53:24,1,3
2018-11-17 18:53:25,1,3
2018-11-17 18:53:26,1,3
2018-11-17 18:53:27,1,3
2018-11-17 18:53:28,1,3
2018-11-17 18:53:29,1,3
2018-11-17 18:53:30,1,3
2018-11-17 18:53:31,1,3
2018-11-17 18:53:32,1,3
2018-11-17 18:53:33,1,3
2018-11-17 18:53:34,1,3
2018-11-17 18:53:35,1,3
2018-11-17 18:53:36,1,3
2018-11-17 18:53:37,1,3
2018-11-17 18:53:38,1,3
2018-11-17 18:53:39,1,3
2018-11-17 18:53:40,1,3
2018-11-17 18:53:41,1,3
2018-11-17 18:53:42,1,3
2018-11-17 18:53:43,1,3
2018-11-17 18:53:44,1,3
2018-11-17 18:53:45,1,3
2018-11-17 18:53:46,1,3
2018-11-17 18:53:47,1,3
2018-11-17 18:53:48,1,3
2018-11-17 18:53:49,1,3
2018-11-17 18:53:50,1,3
2018-11-17 18:53:51,1,3
2018-11-17 18:53:52,1,3
2018-11-17 18:53:53,1,3
2018-11-17 18:53:54,1,3
2018-11-17 18:53:55,1,3
2018-11-17 18:53:56,1,3
2018-11-17 18:53:57,1,3
2018-11-17 18:53:58,1,3
2018-11-17 18:53:59,1,3
2018-11-17 18:54:00,1,3
2018-11-17 18:54:01,1,3
2018-11-17 18:54:02,1,3
2018-11-17 18:54:03,1,3
2018-11-17 18:54:04,1,3
2018-11-17 18:54:05,1,3
2018-11-17 18:54:06,1,3
2018-11-17 18:54:07,1,3
2018-11-17 18:54:08,1,3
2018-11-17 18:54:09,1,3
2018-11-17 18:54:10,1,3
2018-11-17 18:54:11,1,3
2018-11-17 18:54:12,1,3
2018-11-17 18:54:13,1,3
2018-11-17 18:54:14,1,3
2018-11-17 18:54:15,1,3
2018-11-17 18:54:16,1,3
2018-11-17 18:54:17,1,3
2018-11-17 18:54:18,1,3
2018-11-17 18:54:19,1,3
2018-11-17 18:54:20,1,3
2018-11-17 18:54:21,1,3
2018-11-17 18:54:22,1,3
2018-11-17 18:54:23,1,3
2018-11-17 18:54:24,1,3
2018-11-17 18:54:25,1,3
2018-11-17 18:54:26,1,3
2018-11-17 18:54:27,1,3
2018-11-17 18:54:28,1,3
2018-11-17 18:54:29,1,3
2018-11-17 18:54:30,1,3
2018-11-17 18:54:31,1,3
2018-11-17 18:54:32,1,3
2018-11-17 18:54:33,1,3
2018-11-17 18:54:34,1,3
2018-11-17 18:54:35,1,3
2018-11-17 18:54:36,1,3
2018-11-17 18:54:37,1,3
2018-11-17 18:54:38,1,3
2018-11-17 18:54:39,1,3
2018-11-17 18:54:40,1,3
2018-11-17 18:54:41,1,3
2018-11-17 18:54:42,1,3
2018-11-17 18:54:43,1,3
2018-11-17 18:54:44,1,3
2018-11-17 18:54:45,1,3
2018-11-17 18:54:46,1,3
2018-11-17 18:54:47,1,3
2018-11-17 18:54:48,1,3
2018-11-17 18:54:49,1,3
2018-11-17 18:54:50,1,3
2018-11-17 18:54:51,1,3
2018-11-17 18:54:52,1,3
2018-11-17 18:54:53,1,3
2018-11-17 18:54:54,1,3
2018-11-17 18:54:55,1,3
2018-11-17 18:54:56,1,3
2018-11-17 18:54:57,1,3
2018-11-17 18:54:58,1,3
2018-11-17 18:54:59,1,3
2018-11-17 18:55:00,1,3
2018-11-17 18:55:01,1,3
2018-11-17 18:55:02,1,3
2018-11-17 18:55:03,1,3
2018-11-17 18:55:04,1,3
2018-11-17 18:55:05,1,3
2018-11-17 18:55:06,1,3
2018-11-17 18:55:07,1,3
2018-11-17 18:55:08,1,3
2018-11-17 18:55:09,1,3
2018-11-17 18:55:10,1,3
2018-11-17 18:55:11,1,3
2018-11-17 18:55:12,1,3
2018-11-17 18:55:13,1,3
2018-11-17 18:55:14,1,3
2018-11-17 18:55:15,1,3
2018-11-17 18:55:16,1,3
2018-11-17 18:55:17,1,3
2018-11-17 18:55:18,1,3
2018-11-17 18:55:19,1,3
2018-11-17 18:55:20,1,3
2018-11-17 18:55:21,1,3
2018-11-17 18:55:22,1,3
2018-11-17 18:55:23,1,3
2018-11-17 18:55:24,1,3
2018-11-17 18:55:25,1,3
2018-11-17 18:55:26,1,3
2018-11-17 18:55:27,1,3
2018-11-17 18:55:28,1,3
2018-11-17 18:55:29,1,3
2018-11-17 18:55:30,1,3
2018-11-17 18:55:31,1,3
2018-11-17 18:55:32,1,3
2018-11-17 18:55:33,1,3
2018-11-17 18:55:34,1,3
2018-11-17 18:55:35,1,3
2018-11-17 18:55:36,1,3
2018-11-17 18:55:37,1,3
2018-11-17 18:55:38,1,3
2018-11-17 18:55:39,1,3
2018-11-17 18:55:40,1,3
2018-11-17 18:55:41,1,3
2018-11-17 18:55:42,1,3
2018-11-17 18:55:43,1,3
2018-11-17 18:55:44,1,3
2018-11-17 18:55:45,1,3
2018-11-17 18:55:46,1,3
2018-11-17 18:55:47,1,3
2018-11-17 18:55:48,1,3
2018-11-17 18:55:49,1,3
2018-11-17 18:55:50,1,3
2018-11-17 18:55:51,1,3
2018-11-17 18:55:52,1,3
2018-11-17 18:55:53,1,3
2018-11-17 18:55:54,1,3
2018-11-17 18:55:55,1,3
2018-11-17 18:55:56,1,3
2018-11-17 18:55:57,1,3
2018-11-17 18:55:58,1,3
2018-11-17 18:55:59,1,3
2018-11-17 18:56:00,1,3
2018-11-17 18:56:01,1,3
2018-11-17 18:56:02,1,3
2018-11-17 18:56:03,1,3
2018-11-17 18:56:04,1,3
2018-11-17 18:56:05,1,3
2018-11-17 18:56:06,1,3
2018-11-17 18:56:07,1,3
2018-11-17 18:56:08,1,3
2018-11-17 18:56:09,1,3
2018-11-17 18:56:10,1,3
2018-11-17 18:56:11,1,3
2018-11-17 18:56:12,1,3
2018-11-17 18:56:13,1,3
2018-11-17 18:56:14,1,3
2018-11-17 18:56:15,1,3
2018-11-17 18:56:16,1,3
2018-11-17 18:56:17,1,3
2018-11-17 18:56:18,1,3
2018-11-17 18:56:19,1,3
2018-11-17 18:56:20,1,3
2018-11-17 18:56:21,1,3
2018-11-17 18:56:22,1,3
2018-11-17 18:56:23,1,3
2018-11-17 18:56:24,1,3
2018-11-17 18:56:25,1,3
2018-11-17 18:56:26,1,3
2018-11-17 18:56:27,1,3
2018-11-17 18:56:28,1,3
2018-11-17 18:56:29,1,3
2018-11-17 18:56:30,1,3
2018-11-17 18:56:31,1,3
2018-11-17 18:56:32,1,3
2018-11-17 18:56:33,1,3
2018-11-17 18:56:34,1,3
2018-11-17 18:56:35,1,3
2018-11-17 18:56:36,1,3
2018-11-17 18:56:37,1,3
2018-11-17 18:56:38,1,3
2018-11-17 19:09:36,1,4
2018-11-17 19:09:37,1,4
2018-11-17 19:09:38,1,4
2018-11-17 19:09:39,1,4
2018-11-17 19:09:40,1,4
2018-11-17 19:09:41,1,4
2018-11-17 19:09:42,1,4
2018-11-17 19:09:43,1,4
2018-11-17 19:09:44,1,4
2018-11-17 19:09:45,1,4
2018-11-17 19:09:46,1,4
2018-11-17 19:09:47,1,4
2018-11-17 19:09:48,1,4
2018-11-17 19:09:49,1,4
2018-11-17 19:09:50,1,4
2018-11-17 19:09:51,1,4
2018-11-17 19:09:52,1,4
2018-11-17 19:09:53,1,4
2018-11-17 19:09:54,1,4
2018-11-17 19:09:55,1,4
2018-11-17 19:09:56,1,4
2018-11-17 19:09:57,1,4
2018-11-17 19:09:58,1,4
2018-11-17 19:09:59,1,4
2018-11-17 19:10:00,1,4
2018-11-17 19:10:01,1,4
2018-11-17 19:10:02,1,4
2018-11-17 19:10:03,1,4
2018-11-17 19:10:04,1,4
2018-11-17 19:10:05,1,4
2018-11-17 19:10:06,1,4
2018-11-17 19:10:07,1,4
2018-11-17 19:10:08,1,4
2018-11-17 19:10:09,1,4
2018-11-17 19:10:10,1,4
2018-11-17 19:10:11,1,4
2018-11-17 19:10:12,1,4
2018-11-17 19:10:13,1,4
2018-11-17 19:10:14,1,4
2018-11-17 19:10:15,1,4
2018-11-17 19:10:16,1,4
2018-11-17 19:10:17,1,4
2018-11-17 19:10:18,1,4
2018-11-17 19:10:19,1,4
2018-11-17 19:10:20,1,4
2018-11-17 19:10:21,1,4
2018-11-17 19:10:22,1,4
2018-11-17 19:10:23,1,4
2018-11-17 19:10:24,1,4
2018-11-17 19:10:25,1,4
2018-11-17 19:10:26,1,4
2018-11-17 19:10:27,1,4
2018-11-17 19:10:28,1,4
2018-11-17 19:10:29,1,4
2018-11-17 19:10:30,1,4
2018-11-17 19:26:04,1,1
2018-11-17 19:26:05,1,1
2018-11-17 19:26:06,1,1
